timestamp,elapsed_s,mcu_tick_ms,wiper,state,power_in_W,v_in,i_in,v_out,i_out,wiper_status,tc1,cj1,tc2,cj2,tc3,cj3
2026-04-17 17:43:38.531,0.013,1121536,182,1,-0.0,0.05,-0.003,0.03,-0.003,,,,,,,
2026-04-17 17:43:38.582,0.064,1121587,183,1,-0.0,0.04,-0.004,0.03,-0.003,,,,,,,
2026-04-17 17:43:38.631,0.113,1121636,184,1,-0.0,0.04,-0.004,0.03,-0.003,,,,,,,
2026-04-17 17:43:38.682,0.164,1121687,185,1,-0.0,0.04,-0.004,0.03,-0.003,,,,,,,
2026-04-17 17:43:38.731,0.213,1121736,186,1,-0.0,0.04,-0.003,0.03,-0.003,,,,,,,
2026-04-17 17:43:38.782,0.264,1121787,185,1,-0.0,0.04,-0.004,0.03,-0.003,,,,,,,
2026-04-17 17:43:38.831,0.313,1121836,184,1,-0.0,0.04,-0.004,0.03,-0.003,,,,,,,
2026-04-17 17:43:38.882,0.364,1121887,183,1,-0.0,0.04,-0.004,0.03,-0.003,,,,,,,
2026-04-17 17:43:38.931,0.413,1121936,182,1,-0.0,0.04,-0.004,0.03,-0.003,,,,,,,
2026-04-17 17:43:38.983,0.465,1121987,181,1,-0.0,0.04,-0.004,0.03,-0.003,,,,,,,
2026-04-17 17:43:39.032,0.514,1122036,180,1,-0.0,0.05,-0.003,0.03,-0.003,,,,,,,
2026-04-17 17:43:39.083,0.565,1122087,181,1,-0.0,0.04,-0.004,0.03,-0.003,,,,,,,
2026-04-17 17:43:39.132,0.614,1122136,182,1,-0.0,0.04,-0.003,0.03,-0.003,,,,,,,
2026-04-17 17:43:39.183,0.665,1122187,181,1,-0.0,0.04,-0.004,0.03,-0.003,,,,,,,
2026-04-17 17:43:39.232,0.714,1122236,180,1,-0.0,0.04,-0.003,0.03,-0.003,,,,,,,
2026-04-17 17:43:39.283,0.765,1122287,179,1,-0.0,0.04,-0.003,0.03,-0.003,,,,,,,
2026-04-17 17:43:39.332,0.814,1122336,180,1,-0.0,0.04,-0.004,0.03,-0.004,,,,,,,
2026-04-17 17:43:39.383,0.865,1122387,181,1,-0.0,0.04,-0.004,0.03,-0.003,,,,,,,
2026-04-17 17:43:39.432,0.914,1122436,182,1,-0.0,0.04,-0.004,0.03,-0.004,,,,,,,
2026-04-17 17:43:39.483,0.965,1122487,183,1,-0.0,0.04,-0.004,0.03,-0.003,,,,,,,
2026-04-17 17:43:39.532,1.014,1122536,184,1,-0.0,0.04,-0.004,0.03,-0.003,,,,,,,
2026-04-17 17:43:39.583,1.065,1122587,185,1,-0.0,0.04,-0.003,0.03,-0.003,,,,,,,
2026-04-17 17:43:39.632,1.114,1122636,184,1,-0.0,0.04,-0.004,0.03,-0.003,,,,,,,
2026-04-17 17:43:39.683,1.165,1122687,183,1,-0.0,0.04,-0.004,0.03,-0.003,,,,,,,
2026-04-17 17:43:39.732,1.214,1122736,182,1,-0.0,0.04,-0.003,0.03,-0.003,,,,,,,
2026-04-17 17:43:39.784,1.266,1122787,183,1,-0.0,0.04,-0.004,0.03,-0.003,,,,,,,
2026-04-17 17:43:39.833,1.315,1122836,184,1,-0.0,0.04,-0.004,0.03,-0.003,,,,,,,
2026-04-17 17:43:39.884,1.366,1122887,185,1,-0.0,0.04,-0.004,0.03,-0.004,,,,,,,
2026-04-17 17:43:39.933,1.415,1122936,186,1,-0.0,0.04,-0.004,0.03,-0.003,,,,,,,
2026-04-17 17:43:39.984,1.466,1122987,187,1,-0.0,0.04,-0.004,0.03,-0.004,,,,,,,
2026-04-17 17:43:40.033,1.515,1123036,188,1,-0.0,0.04,-0.004,0.03,-0.003,,,,,,,
2026-04-17 17:43:40.084,1.566,1123087,189,1,-0.0,0.04,-0.004,0.03,-0.003,,,,,,,
2026-04-17 17:43:40.134,1.616,1123136,190,1,-0.0,0.04,-0.003,0.03,-0.003,,,,,,,
2026-04-17 17:43:40.184,1.666,1123187,191,1,-0.0,0.04,-0.003,0.03,-0.003,,,,,,,
2026-04-17 17:43:40.234,1.716,1123236,190,1,-0.0,0.04,-0.004,0.03,-0.003,,,,,,,
2026-04-17 17:43:40.284,1.766,1123287,189,1,-0.0,0.04,-0.004,0.03,-0.003,,,,,,,
2026-04-17 17:43:40.334,1.816,1123336,188,1,-0.0,0.04,-0.004,0.03,-0.003,,,,,,,
2026-04-17 17:43:40.385,1.867,1123387,187,1,-0.0,0.04,-0.003,0.03,-0.003,,,,,,,
2026-04-17 17:43:40.434,1.916,1123436,188,1,-0.0,0.04,-0.004,0.03,-0.003,,,,,,,
2026-04-17 17:43:40.485,1.967,1123487,189,1,-0.0,0.04,-0.003,0.03,-0.003,,,,,,,
2026-04-17 17:43:40.534,2.016,1123536,190,1,-0.0,0.04,-0.003,0.03,-0.003,,,,,,,
2026-04-17 17:43:40.586,2.068,1123587,191,1,-0.0,0.04,-0.003,0.03,-0.003,,,,,,,
2026-04-17 17:43:40.634,2.116,1123636,192,1,-0.0,0.04,-0.003,0.03,-0.003,,,,,,,
2026-04-17 17:43:40.685,2.167,1123687,191,1,-0.0,0.04,-0.004,0.03,-0.003,,,,,,,
2026-04-17 17:43:40.735,2.217,1123736,190,1,-0.0,0.04,-0.003,0.03,-0.003,,,,,,,
2026-04-17 17:43:40.786,2.268,1123787,189,1,-0.0,0.04,-0.003,0.03,-0.003,,,,,,,
2026-04-17 17:43:40.834,2.316,1123836,188,1,-0.0,0.04,-0.003,0.03,-0.003,,,,,,,
2026-04-17 17:43:40.886,2.368,1123887,187,1,-0.0,0.04,-0.003,0.03,-0.003,,,,,,,
2026-04-17 17:43:40.935,2.417,1123936,186,1,-0.0,0.04,-0.003,0.03,-0.003,,,,,,,
2026-04-17 17:43:40.986,2.468,1123987,187,1,-0.0,0.04,-0.004,0.03,-0.003,,,,,,,
2026-04-17 17:43:41.035,2.517,1124036,188,1,-0.0,0.04,-0.003,0.03,-0.003,,,,,,,
2026-04-17 17:43:41.087,2.569,1124087,189,1,-0.0,0.04,-0.003,0.03,-0.003,,,,,,,
2026-04-17 17:43:41.135,2.617,1124136,190,1,-0.0,0.04,-0.003,0.03,-0.003,,,,,,,
2026-04-17 17:43:41.186,2.668,1124187,189,1,-0.0,0.04,-0.004,0.03,-0.003,,,,,,,
2026-04-17 17:43:41.235,2.717,1124236,188,1,-0.0,0.04,-0.004,0.03,-0.003,,,,,,,
2026-04-17 17:43:41.286,2.768,1124287,187,1,-0.0,0.04,-0.004,0.03,-0.003,,,,,,,
2026-04-17 17:43:41.336,2.818,1124336,186,1,-0.0,0.04,-0.004,0.03,-0.003,,,,,,,
2026-04-17 17:43:41.386,2.868,1124387,185,1,-0.0,0.04,-0.004,0.03,-0.003,,,,,,,
2026-04-17 17:43:41.435,2.917,1124436,184,1,-0.0,0.04,-0.003,0.03,-0.003,,,,,,,
2026-04-17 17:43:41.486,2.968,1124487,183,1,-0.0,0.04,-0.003,0.03,-0.003,,,,,,,
2026-04-17 17:43:41.535,3.017,1124536,184,1,-0.0,0.04,-0.004,0.03,-0.003,,,,,,,
2026-04-17 17:43:41.586,3.068,1124587,185,1,-0.0,0.04,-0.004,0.03,-0.003,,,,,,,
2026-04-17 17:43:41.635,3.117,1124636,186,1,-0.0,0.04,-0.003,0.03,-0.003,,,,,,,
2026-04-17 17:43:41.686,3.168,1124687,185,1,-0.0,0.04,-0.004,0.03,-0.003,,,,,,,
2026-04-17 17:43:41.735,3.217,1124736,184,1,-0.0,0.04,-0.004,0.03,-0.003,,,,,,,
2026-04-17 17:43:41.786,3.268,1124787,183,1,-0.0,0.04,-0.004,0.03,-0.003,,,,,,,
2026-04-17 17:43:41.836,3.318,1124836,182,1,-0.0,0.04,-0.004,0.03,-0.003,,,,,,,
2026-04-17 17:43:41.887,3.369,1124887,181,1,-0.0,0.04,-0.004,0.03,-0.003,,,,,,,
2026-04-17 17:43:41.936,3.418,1124936,180,1,-0.0,0.04,-0.004,0.03,-0.003,,,,,,,
2026-04-17 17:43:41.987,3.469,1124987,179,1,-0.0,0.04,-0.004,0.03,-0.004,,,,,,,
2026-04-17 17:43:42.036,3.518,1125036,179,1,-0.0,0.04,-0.004,0.03,-0.003,,,,,,,
2026-04-17 17:43:42.087,3.569,1125087,179,1,-0.0,0.04,-0.003,0.03,-0.003,,,,,,,
2026-04-17 17:43:42.136,3.618,1125136,180,1,-0.0,0.04,-0.004,0.03,-0.003,,,,,,,
2026-04-17 17:43:42.188,3.67,1125187,181,1,-0.0,0.04,-0.003,0.03,-0.003,,,,,,,
2026-04-17 17:43:42.236,3.718,1125236,182,1,-0.0,0.04,-0.003,0.03,-0.003,,,,,,,
2026-04-17 17:43:42.288,3.77,1125287,181,1,-0.0,0.04,-0.004,0.03,-0.003,,,,,,,
2026-04-17 17:43:42.336,3.818,1125336,180,1,-0.0,0.04,-0.004,0.03,-0.003,,,,,,,
2026-04-17 17:43:42.389,3.871,1125387,179,1,-0.0,0.04,-0.004,0.03,-0.003,,,,,,,
2026-04-17 17:43:42.437,3.919,1125436,179,1,-0.0,0.04,-0.004,0.03,-0.003,,,,,,,
2026-04-17 17:43:42.487,3.969,1125487,179,1,-0.0,0.04,-0.003,0.03,-0.003,,,,,,,
2026-04-17 17:43:42.537,4.019,1125536,180,1,-0.0,0.04,-0.004,0.03,-0.003,,,,,,,
2026-04-17 17:43:42.588,4.07,1125587,181,1,-0.0,0.04,-0.004,0.03,-0.003,,,,,,,
2026-04-17 17:43:42.637,4.119,1125636,182,1,-0.0,0.04,-0.004,0.03,-0.003,,,,,,,
2026-04-17 17:43:42.688,4.17,1125687,181,1,-0.0,0.04,-0.004,0.03,-0.003,,,,,,,
2026-04-17 17:43:42.737,4.219,1125736,180,1,-0.0,0.04,-0.004,0.03,-0.003,,,,,,,
2026-04-17 17:43:42.788,4.27,1125787,179,1,-0.0,0.04,-0.003,0.03,-0.003,,,,,,,
2026-04-17 17:43:42.837,4.319,1125836,179,1,-0.0,0.04,-0.003,0.03,-0.004,,,,,,,
2026-04-17 17:43:42.888,4.37,1125887,180,1,-0.0,0.04,-0.004,0.03,-0.003,,,,,,,
2026-04-17 17:43:42.937,4.419,1125936,181,1,-0.0,0.04,-0.004,0.03,-0.003,,,,,,,
2026-04-17 17:43:42.988,4.47,1125987,182,1,-0.0,0.04,-0.003,0.03,-0.003,,,,,,,
2026-04-17 17:43:43.037,4.519,1126036,181,1,-0.0,0.04,-0.003,0.03,-0.003,,,,,,,
2026-04-17 17:43:43.089,4.571,1126087,182,1,-0.0,0.04,-0.004,0.03,-0.003,,,,,,,
2026-04-17 17:43:43.137,4.619,1126136,183,1,-0.0,0.04,-0.003,0.03,-0.003,,,,,,,
2026-04-17 17:43:43.189,4.671,1126187,184,1,-0.0,0.04,-0.003,0.03,-0.003,,,,,,,
2026-04-17 17:43:43.237,4.719,1126236,183,1,-0.0,0.04,-0.004,0.03,-0.003,,,,,,,
2026-04-17 17:43:43.288,4.77,1126287,184,1,-0.0,0.04,-0.004,0.03,-0.003,,,,,,,
2026-04-17 17:43:43.339,4.821,1126336,185,1,-0.0,0.04,-0.004,0.03,-0.004,,,,,,,
2026-04-17 17:43:43.389,4.871,1126387,186,1,-0.0,0.04,-0.004,0.03,-0.004,,,,,,,
2026-04-17 17:43:43.438,4.92,1126436,187,1,-0.0,0.04,-0.004,0.03,-0.003,,,,,,,
2026-04-17 17:43:43.489,4.971,1126487,188,1,-0.0,0.04,-0.004,0.03,-0.003,,,,,,,
2026-04-17 17:43:43.538,5.02,1126536,189,1,-0.0,0.04,-0.004,0.03,-0.004,,,,,,,
2026-04-17 17:43:43.589,5.071,1126587,179,2,-0.0,0.04,-0.003,0.03,-0.003,,,,,,,
2026-04-17 17:43:43.638,5.12,1126636,184,2,-0.0,0.04,-0.004,0.03,-0.003,,,,,,,
2026-04-17 17:43:43.689,5.171,1126687,189,2,-0.0,0.04,-0.004,0.03,-0.003,,,,,,,
2026-04-17 17:43:43.738,5.22,1126736,194,2,-0.0,0.04,-0.004,0.03,-0.003,,,,,,,
2026-04-17 17:43:43.789,5.271,1126787,199,2,-0.0,0.04,-0.004,0.03,-0.003,,,,,,,
2026-04-17 17:43:43.838,5.32,1126836,204,2,-0.0,0.04,-0.004,0.03,-0.003,,,,,,,
2026-04-17 17:43:43.889,5.371,1126887,209,2,-0.0,0.04,-0.004,0.03,-0.003,,,,,,,
2026-04-17 17:43:43.939,5.421,1126936,214,2,-0.0,0.04,-0.004,0.03,-0.003,,,,,,,
2026-04-17 17:43:43.989,5.471,1126987,219,2,-0.0,0.04,-0.003,0.03,-0.003,,,,,,,
2026-04-17 17:43:44.039,5.521,1127036,224,2,-0.0,0.04,-0.004,0.03,-0.003,,,,,,,
2026-04-17 17:43:44.090,5.572,1127087,229,2,-0.0,0.04,-0.003,0.03,-0.003,,,,,,,
2026-04-17 17:43:44.139,5.621,1127136,234,2,-0.0,0.04,-0.003,0.03,-0.003,,,,,,,
2026-04-17 17:43:44.190,5.672,1127187,239,2,-0.0,0.04,-0.004,0.03,-0.003,,,,,,,
2026-04-17 17:43:44.239,5.721,1127236,244,2,-0.0,0.04,-0.004,0.03,-0.003,,,,,,,
2026-04-17 17:43:44.290,5.772,1127287,249,2,-0.0,0.04,-0.004,0.03,-0.003,,,,,,,
2026-04-17 17:43:44.339,5.821,1127336,254,2,-0.0,0.04,-0.004,0.03,-0.003,,,,,,,
2026-04-17 17:43:44.390,5.872,1127387,179,1,-0.0,0.04,-0.004,0.03,-0.003,,,,,,,
2026-04-17 17:43:44.440,5.922,1127436,179,1,-0.0,0.04,-0.004,0.03,-0.003,,,,,,,
2026-04-17 17:43:44.490,5.972,1127487,179,1,-0.0,0.04,-0.004,0.03,-0.003,,,,,,,
2026-04-17 17:43:44.539,6.021,1127536,179,1,-0.0,0.04,-0.004,0.03,-0.003,,,,,,,
2026-04-17 17:43:44.590,6.072,1127587,179,1,-0.0,0.04,-0.004,0.03,-0.003,,,,,,,
2026-04-17 17:43:44.639,6.121,1127636,179,1,-0.0,0.04,-0.003,0.03,-0.003,,,,,,,
2026-04-17 17:43:44.690,6.172,1127687,180,1,-0.0,0.04,-0.004,0.03,-0.003,,,,,,,
2026-04-17 17:43:44.740,6.222,1127736,181,1,-0.0,0.04,-0.004,0.03,-0.004,,,,,,,
2026-04-17 17:43:44.791,6.273,1127787,182,1,-0.0,0.04,-0.004,0.03,-0.004,,,,,,,
2026-04-17 17:43:44.840,6.322,1127836,183,1,-0.0,0.04,-0.003,0.03,-0.003,,,,,,,
2026-04-17 17:43:44.891,6.373,1127887,182,1,-0.0,0.04,-0.004,0.03,-0.003,,,,,,,
2026-04-17 17:43:44.940,6.422,1127936,181,1,-0.0,0.04,-0.004,0.03,-0.003,,,,,,,
2026-04-17 17:43:44.991,6.473,1127987,180,1,-0.0,0.04,-0.003,0.03,-0.003,,,,,,,
2026-04-17 17:43:45.040,6.522,1128036,181,1,-0.0,0.04,-0.004,0.03,-0.003,,,,,,,
2026-04-17 17:43:45.091,6.573,1128087,182,1,-0.0,0.04,-0.004,0.03,-0.003,,,,,,,
2026-04-17 17:43:45.141,6.623,1128136,183,1,-0.0,0.04,-0.003,0.03,-0.003,,,,,,,
2026-04-17 17:43:45.191,6.673,1128187,184,1,-0.0,0.04,-0.003,0.03,-0.004,,,,,,,
2026-04-17 17:43:45.240,6.722,1128236,183,1,-0.0,0.04,-0.004,0.03,-0.003,,,,,,,
2026-04-17 17:43:45.291,6.773,1128287,182,1,-0.0,0.04,-0.004,0.03,-0.003,,,,,,,
2026-04-17 17:43:45.340,6.822,1128336,181,1,-0.0,0.04,-0.004,0.03,-0.003,,,,,,,
2026-04-17 17:43:45.391,6.873,1128387,180,1,-0.0,0.04,-0.004,0.03,-0.003,,,,,,,
2026-04-17 17:43:45.440,6.922,1128436,179,1,-0.0,0.04,-0.004,0.03,-0.003,,,,,,,
2026-04-17 17:43:45.491,6.973,1128487,179,1,-0.0,0.04,-0.004,0.03,-0.003,,,,,,,
2026-04-17 17:43:45.540,7.022,1128536,179,1,-0.0,0.04,-0.004,0.03,-0.003,,,,,,,
2026-04-17 17:43:45.591,7.073,1128587,179,1,-0.0,0.04,-0.003,0.03,-0.003,,,,,,,
2026-04-17 17:43:45.641,7.123,1128636,180,1,-0.0,0.04,-0.004,0.03,-0.003,,,,,,,
2026-04-17 17:43:45.692,7.174,1128687,181,1,-0.0,0.04,-0.004,0.03,-0.003,,,,,,,
2026-04-17 17:43:45.741,7.223,1128736,182,1,-0.0,0.04,-0.004,0.03,-0.003,,,,,,,
2026-04-17 17:43:45.792,7.274,1128787,183,1,-0.0,0.04,-0.004,0.03,-0.004,,,,,,,
2026-04-17 17:43:45.841,7.323,1128836,184,1,-0.0,0.04,-0.003,0.03,-0.003,,,,,,,
2026-04-17 17:43:45.892,7.374,1128887,183,1,-0.0,0.04,-0.004,0.03,-0.003,,,,,,,
2026-04-17 17:43:45.941,7.423,1128936,182,1,-0.0,0.04,-0.003,0.04,-0.004,,,,,,,
2026-04-17 17:43:45.992,7.474,1128987,181,1,-0.0,0.04,-0.003,0.03,-0.004,,,,,,,
2026-04-17 17:43:46.041,7.523,1129036,182,1,-0.0,0.04,-0.004,0.03,-0.003,,,,,,,
2026-04-17 17:43:46.092,7.574,1129087,183,1,-0.0,0.04,-0.003,0.03,-0.003,,,,,,,
2026-04-17 17:43:46.142,7.624,1129136,182,1,-0.0,0.04,-0.004,0.03,-0.003,,,,,,,
2026-04-17 17:43:46.192,7.674,1129187,181,1,-0.0,0.04,-0.003,0.03,-0.003,,,,,,,
2026-04-17 17:43:46.241,7.723,1129236,182,1,-0.0,0.04,-0.004,0.03,-0.003,,,,,,,
2026-04-17 17:43:46.292,7.774,1129287,183,1,-0.0,0.04,-0.004,0.03,-0.003,,,,,,,
2026-04-17 17:43:46.341,7.823,1129336,184,1,-0.0,0.04,-0.003,0.03,-0.003,,,,,,,
2026-04-17 17:43:46.393,7.875,1129387,183,1,-0.0,0.04,-0.004,0.03,-0.003,,,,,,,
2026-04-17 17:43:46.442,7.924,1129436,182,1,-0.0,0.04,-0.003,0.03,-0.003,,,,,,,
2026-04-17 17:43:46.493,7.975,1129487,183,1,-0.0,0.04,-0.004,0.04,-0.003,,,,,,,
2026-04-17 17:43:46.542,8.024,1129536,184,1,-0.0,0.04,-0.004,0.03,-0.003,,,,,,,
2026-04-17 17:43:46.593,8.075,1129587,185,1,-0.0,0.04,-0.004,0.03,-0.003,,,,,,,
2026-04-17 17:43:46.642,8.124,1129636,186,1,-0.0,0.04,-0.003,0.03,-0.004,,,,,,,
2026-04-17 17:43:46.693,8.175,1129687,185,1,-0.0,0.04,-0.004,0.03,-0.003,,,,,,,
2026-04-17 17:43:46.742,8.224,1129736,184,1,-0.0,0.04,-0.004,0.03,-0.003,,,,,,,
2026-04-17 17:43:46.793,8.275,1129787,183,1,-0.0,0.04,-0.004,0.03,-0.003,,,,,,,
2026-04-17 17:43:46.842,8.324,1129836,182,1,-0.0,0.04,-0.004,0.03,-0.003,,,,,,,
2026-04-17 17:43:46.893,8.375,1129887,181,1,-0.0,0.04,-0.003,0.03,-0.003,,,,,,,
2026-04-17 17:43:46.942,8.424,1129936,180,1,-0.0,0.04,-0.003,0.03,-0.004,,,,,,,
2026-04-17 17:43:46.993,8.475,1129987,181,1,-0.0,0.04,-0.003,0.04,-0.003,,,,,,,
2026-04-17 17:43:47.042,8.524,1130036,180,1,-0.0,0.04,-0.004,0.03,-0.003,,,,,,,
2026-04-17 17:43:47.094,8.576,1130087,179,1,-0.0,0.04,-0.003,0.03,-0.003,,,,,,,
2026-04-17 17:43:47.143,8.625,1130136,180,1,-0.0,0.04,-0.004,0.03,-0.003,,,,,,,
2026-04-17 17:43:47.194,8.676,1130187,181,1,-0.0,0.04,-0.003,0.04,-0.003,,,,,,,
2026-04-17 17:43:47.243,8.725,1130236,180,1,-0.0,0.04,-0.004,0.03,-0.003,,,,,,,
2026-04-17 17:43:47.294,8.776,1130287,179,1,36.32,35.37,1.027,71.47,-0.002,,,,,,,
2026-04-17 17:43:47.345,8.827,1130338,180,1,1.96,36.26,0.054,75.47,0.002,,,,,,,
2026-04-17 17:43:47.394,8.876,1130387,179,1,1.3,36.15,0.036,75.49,0.002,,,,,,,
2026-04-17 17:43:47.445,8.927,1130438,180,1,1.12,36.28,0.031,75.5,0.002,,,,,,,
2026-04-17 17:43:47.494,8.976,1130487,179,1,1.05,36.22,0.029,75.51,0.002,,,,,,,
2026-04-17 17:43:47.545,9.027,1130538,180,1,0.83,36.28,0.023,75.51,0.001,,,,,,,
2026-04-17 17:43:47.594,9.076,1130587,181,1,0.91,36.25,0.025,75.52,0.002,,,,,,,
2026-04-17 17:43:47.645,9.127,1130638,182,1,1.08,36.0,0.03,75.52,0.001,,,,,,,
2026-04-17 17:43:47.694,9.176,1130687,181,1,0.97,36.07,0.027,75.52,0.002,,,,,,,
2026-04-17 17:43:47.745,9.227,1130738,180,1,1.15,35.9,0.032,75.52,0.001,,,,,,,
2026-04-17 17:43:47.795,9.277,1130787,181,1,1.01,36.12,0.028,75.53,0.001,,,,,,,
2026-04-17 17:43:47.846,9.328,1130838,182,1,3.19,32.9,0.097,75.43,0.002,,,,,,,
2026-04-17 17:43:47.895,9.377,1130887,181,1,-0.07,24.34,-0.003,70.6,0.001,,,,,,,
2026-04-17 17:43:47.946,9.428,1130938,180,1,10.0,35.73,0.28,75.53,0.002,,,,,,,
2026-04-17 17:43:47.995,9.477,1130987,181,1,1.12,36.25,0.031,75.54,0.002,,,,,,,
2026-04-17 17:43:48.046,9.528,1131038,182,1,1.26,36.02,0.035,75.54,0.001,,,,,,,
2026-04-17 17:43:48.095,9.577,1131087,181,1,0.97,36.08,0.027,75.54,0.002,,,,,,,
2026-04-17 17:43:48.146,9.628,1131138,180,1,1.43,35.76,0.04,75.54,0.001,,,,,,,
2026-04-17 17:43:48.195,9.677,1131187,181,1,1.13,35.34,0.032,75.54,0.001,,,,,,,
2026-04-17 17:43:48.246,9.728,1131238,180,1,-0.08,26.65,-0.003,72.62,0.001,,,,,,,
2026-04-17 17:43:48.295,9.777,1131287,179,1,-0.07,23.94,-0.003,69.18,0.001,,,,,,,
2026-04-17 17:43:48.346,9.828,1131338,179,1,-0.07,23.26,-0.003,66.5,0.0,,,,,,,
2026-04-17 17:43:48.395,9.877,1131387,179,1,35.96,36.1,0.996,75.51,0.002,,,,,,,
2026-04-17 17:43:48.446,9.928,1131438,180,1,1.22,35.85,0.034,75.53,0.002,,,,,,,
2026-04-17 17:43:48.496,9.978,1131487,179,1,0.58,36.07,0.016,75.54,0.002,,,,,,,
2026-04-17 17:43:48.546,10.028,1131538,179,1,0.94,36.15,0.026,75.54,0.002,,,,,,,
2026-04-17 17:43:48.596,10.078,1131587,179,1,1.16,36.15,0.032,75.54,0.001,,,,,,,
2026-04-17 17:43:48.647,10.129,1131638,180,1,0.87,36.22,0.024,75.54,0.001,,,,,,,
2026-04-17 17:43:48.696,10.178,1131687,179,1,0.87,36.2,0.024,75.54,0.002,,,,,,,
2026-04-17 17:43:48.747,10.229,1131738,179,1,1.01,36.23,0.028,75.54,0.002,,,,,,,
2026-04-17 17:43:48.796,10.278,1131787,179,1,1.23,36.27,0.034,75.55,0.002,,,,,,,
2026-04-17 17:43:48.847,10.329,1131838,180,1,0.98,36.28,0.027,75.55,0.002,,,,,,,
2026-04-17 17:43:48.896,10.378,1131887,179,1,0.98,36.27,0.027,75.55,0.002,,,,,,,
2026-04-17 17:43:48.947,10.429,1131938,180,1,0.98,36.24,0.027,75.55,0.002,,,,,,,
2026-04-17 17:43:48.996,10.478,1131987,181,1,0.98,36.28,0.027,75.55,0.002,,,,,,,
2026-04-17 17:43:49.047,10.529,1132038,180,1,0.98,36.24,0.027,75.55,0.002,,,,,,,
2026-04-17 17:43:49.096,10.578,1132087,179,1,0.98,36.24,0.027,75.55,0.002,,,,,,,
2026-04-17 17:43:49.147,10.629,1132138,179,1,0.98,36.24,0.027,75.56,0.002,,,,,,,
2026-04-17 17:43:49.196,10.678,1132187,179,1,0.98,36.26,0.027,75.55,0.002,,,,,,,
2026-04-17 17:43:49.248,10.73,1132238,179,1,0.98,36.27,0.027,75.55,0.002,,,,,,,
2026-04-17 17:43:49.297,10.779,1132287,180,1,0.98,36.26,0.027,75.55,0.002,,,,,,,
2026-04-17 17:43:49.348,10.83,1132338,181,1,0.98,36.27,0.027,75.55,0.002,,,,,,,
2026-04-17 17:43:49.396,10.878,1132387,182,1,1.02,36.27,0.028,75.56,0.002,,,,,,,
2026-04-17 17:43:49.447,10.929,1132438,181,1,0.98,36.28,0.027,75.56,0.002,,,,,,,
2026-04-17 17:43:49.497,10.979,1132487,180,1,0.98,36.28,0.027,75.56,0.002,,,,,,,
2026-04-17 17:43:49.548,11.03,1132538,181,1,0.98,36.28,0.027,75.56,0.002,,,,,,,
2026-04-17 17:43:49.597,11.079,1132587,182,1,0.98,36.28,0.027,75.56,0.002,,,,,,,
2026-04-17 17:43:49.648,11.13,1132638,183,1,0.98,36.28,0.027,75.56,0.002,,,,,,,
2026-04-17 17:43:49.697,11.179,1132687,184,1,0.98,36.28,0.027,75.56,0.002,,,,,,,
2026-04-17 17:43:49.748,11.23,1132738,185,1,0.98,36.28,0.027,75.56,0.001,,,,,,,
2026-04-17 17:43:49.797,11.279,1132787,186,1,0.98,36.28,0.027,75.56,0.002,,,,,,,
2026-04-17 17:43:49.848,11.33,1132838,185,1,0.98,36.28,0.027,75.56,0.002,,,,,,,
2026-04-17 17:43:49.897,11.379,1132887,184,1,0.98,36.28,0.027,75.56,0.002,,,,,,,
2026-04-17 17:43:49.948,11.43,1132938,183,1,0.98,36.28,0.027,75.56,0.002,,,,,,,
2026-04-17 17:43:49.997,11.479,1132987,182,1,0.98,36.28,0.027,75.56,0.002,,,,,,,
2026-04-17 17:43:50.049,11.531,1133038,181,1,0.98,36.28,0.027,75.56,0.002,,,,,,,
2026-04-17 17:43:50.097,11.579,1133087,180,1,0.98,36.28,0.027,75.56,0.002,,,,,,,
2026-04-17 17:43:50.148,11.63,1133138,179,1,1.02,36.28,0.028,75.56,0.002,,,,,,,
2026-04-17 17:43:50.198,11.68,1133187,180,1,0.98,36.28,0.027,75.56,0.002,,,,,,,
2026-04-17 17:43:50.249,11.731,1133238,179,1,0.98,36.28,0.027,75.56,0.002,,,,,,,
2026-04-17 17:43:50.298,11.78,1133287,179,1,1.02,36.28,0.028,75.56,0.002,,,,,,,
2026-04-17 17:43:50.349,11.831,1133338,180,1,0.98,36.28,0.027,75.56,0.002,,,,,,,
2026-04-17 17:43:50.398,11.88,1133387,181,1,0.98,36.28,0.027,75.56,0.002,,,,,,,
2026-04-17 17:43:50.449,11.931,1133438,182,1,0.98,36.28,0.027,75.56,0.002,,,,,,,
2026-04-17 17:43:50.498,11.98,1133487,183,1,1.02,36.28,0.028,75.56,0.001,,,,,,,
2026-04-17 17:43:50.549,12.031,1133538,182,1,0.98,36.28,0.027,75.56,0.001,,,,,,,
2026-04-17 17:43:50.598,12.08,1133587,181,1,1.02,36.28,0.028,75.56,0.002,,,,,,,
2026-04-17 17:43:50.649,12.131,1133638,182,1,0.98,36.28,0.027,75.56,0.002,,,,,,,
2026-04-17 17:43:50.698,12.18,1133687,183,1,0.98,36.28,0.027,75.56,0.002,,,,,,,
2026-04-17 17:43:50.750,12.232,1133738,184,1,1.02,36.28,0.028,75.57,0.002,,,,,,,
2026-04-17 17:43:50.798,12.28,1133787,183,1,0.98,36.28,0.027,75.57,0.002,,,,,,,
2026-04-17 17:43:50.850,12.332,1133838,182,1,0.98,36.28,0.027,75.56,0.002,,,,,,,
2026-04-17 17:43:50.899,12.381,1133887,181,1,1.02,36.28,0.028,75.57,0.002,,,,,,,
2026-04-17 17:43:50.950,12.432,1133938,180,1,1.02,36.28,0.028,75.57,0.002,,,,,,,
2026-04-17 17:43:50.999,12.481,1133987,179,1,1.02,36.28,0.028,75.57,0.002,,,,,,,
2026-04-17 17:43:51.050,12.532,1134038,180,1,0.98,36.28,0.027,75.57,0.002,,,,,,,
2026-04-17 17:43:51.099,12.581,1134087,181,1,0.98,36.28,0.027,75.57,0.002,,,,,,,
2026-04-17 17:43:51.150,12.632,1134138,182,1,0.98,36.29,0.027,75.57,0.001,,,,,,,
2026-04-17 17:43:51.200,12.682,1134187,183,1,1.02,36.28,0.028,75.57,0.002,,,,,,,
2026-04-17 17:43:51.250,12.732,1134238,182,1,1.02,36.28,0.028,75.57,0.002,,,,,,,
2026-04-17 17:43:51.299,12.781,1134287,183,1,0.98,36.28,0.027,75.57,0.002,,,,,,,
2026-04-17 17:43:51.350,12.832,1134338,182,1,0.98,36.28,0.027,75.57,0.002,,,,,,,
2026-04-17 17:43:51.399,12.881,1134387,181,1,1.02,36.28,0.028,75.57,0.002,,,,,,,
2026-04-17 17:43:51.451,12.933,1134438,182,1,0.98,36.28,0.027,75.57,0.002,,,,,,,
2026-04-17 17:43:51.499,12.981,1134487,183,1,0.98,36.28,0.027,75.57,0.002,,,,,,,
2026-04-17 17:43:51.551,13.033,1134538,184,1,0.98,36.28,0.027,75.57,0.002,,,,,,,
2026-04-17 17:43:51.600,13.082,1134587,185,1,0.98,36.28,0.027,75.57,0.001,,,,,,,
2026-04-17 17:43:51.652,13.134,1134638,186,1,0.98,36.28,0.027,75.57,0.002,,,,,,,
2026-04-17 17:43:51.700,13.182,1134687,187,1,0.98,36.28,0.027,75.57,0.002,,,,,,,
2026-04-17 17:43:51.751,13.233,1134738,186,1,0.98,36.28,0.027,75.57,0.002,,,,,,,
2026-04-17 17:43:51.800,13.282,1134787,185,1,0.98,36.28,0.027,75.57,0.002,,,,,,,
2026-04-17 17:43:51.851,13.333,1134838,184,1,0.98,36.28,0.027,75.57,0.002,,,,,,,
2026-04-17 17:43:51.900,13.382,1134887,183,1,0.98,36.29,0.027,75.57,0.002,,,,,,,
2026-04-17 17:43:51.951,13.433,1134938,179,2,0.98,36.29,0.027,75.57,0.002,,,,,,,
2026-04-17 17:43:52.000,13.483,1134987,184,2,0.98,36.28,0.027,75.57,0.002,,,,,,,
2026-04-17 17:43:52.051,13.533,1135038,189,2,0.98,36.28,0.027,75.57,0.002,,,,,,,
2026-04-17 17:43:52.100,13.582,1135087,194,2,0.98,36.28,0.027,75.57,0.002,,,,,,,
2026-04-17 17:43:52.151,13.633,1135138,199,2,0.98,36.28,0.027,75.57,0.002,,,,,,,
2026-04-17 17:43:52.200,13.682,1135187,204,2,0.98,36.27,0.027,75.57,0.002,,,,,,,
2026-04-17 17:43:52.251,13.733,1135238,209,2,2.18,36.26,0.06,75.57,0.001,,,,,,,
2026-04-17 17:43:52.300,13.782,1135287,214,2,2.18,36.25,0.06,75.56,0.002,,,,,,,
2026-04-17 17:43:52.352,13.834,1135338,219,2,2.18,36.26,0.06,75.56,0.002,,,,,,,
2026-04-17 17:43:52.401,13.883,1135387,224,2,2.18,36.25,0.06,75.57,0.002,,,,,,,
2026-04-17 17:43:52.452,13.934,1135438,229,2,2.18,36.25,0.06,75.57,0.002,,,,,,,
2026-04-17 17:43:52.501,13.983,1135487,234,2,2.14,36.25,0.059,75.57,0.002,,,,,,,
2026-04-17 17:43:52.552,14.034,1135538,239,2,2.21,36.25,0.061,75.09,0.002,,,,,,,
2026-04-17 17:43:52.601,14.083,1135587,244,2,40.23,34.74,1.158,75.51,0.436,,,,,,,
2026-04-17 17:43:52.652,14.134,1135638,249,2,40.28,34.75,1.159,75.51,0.437,,,,,,,
2026-04-17 17:43:52.704,14.186,1135689,254,2,40.21,34.76,1.157,75.51,0.437,,,,,,,
2026-04-17 17:43:52.755,14.237,1135740,244,1,40.18,34.76,1.156,75.51,0.437,,,,,,,
2026-04-17 17:43:52.805,14.287,1135791,243,1,40.15,34.76,1.155,75.51,0.437,,,,,,,
2026-04-17 17:43:52.856,14.338,1135842,244,1,40.15,34.76,1.155,75.51,0.437,,,,,,,
2026-04-17 17:43:52.907,14.389,1135893,243,1,40.14,34.76,1.155,75.51,0.436,,,,,,,
2026-04-17 17:43:52.958,14.44,1135944,242,1,40.15,34.76,1.155,75.51,0.437,,,,,,,
2026-04-17 17:43:53.009,14.491,1135995,241,1,40.15,34.76,1.155,75.51,0.437,,,,,,,
2026-04-17 17:43:53.061,14.543,1136046,240,1,40.16,34.77,1.155,75.51,0.436,,,,,,,
2026-04-17 17:43:53.111,14.593,1136097,239,1,40.19,34.77,1.156,75.51,0.436,,,,,,,
2026-04-17 17:43:53.163,14.645,1136148,240,1,40.13,34.77,1.154,75.51,0.436,,,,,,,
2026-04-17 17:43:53.213,14.695,1136199,241,1,40.24,34.78,1.157,75.51,0.437,,,,,,,
2026-04-17 17:43:53.265,14.747,1136250,242,1,40.31,34.78,1.159,75.51,0.436,,,,,,,
2026-04-17 17:43:53.316,14.798,1136301,241,1,40.25,34.79,1.157,75.51,0.436,,,,,,,
2026-04-17 17:43:53.367,14.849,1136352,242,1,40.23,34.8,1.156,75.51,0.436,,,,,,,
2026-04-17 17:43:53.418,14.9,1136403,243,1,40.23,34.8,1.156,75.51,0.437,,,,,,,
2026-04-17 17:43:53.469,14.951,1136454,242,1,40.16,34.8,1.154,75.52,0.437,,,,,,,
2026-04-17 17:43:53.520,15.002,1136505,241,1,40.19,34.8,1.155,75.51,0.437,,,,,,,
2026-04-17 17:43:53.571,15.053,1136556,240,1,40.23,34.8,1.156,75.52,0.437,,,,,,,
2026-04-17 17:43:53.620,15.102,1136605,241,1,40.15,34.79,1.154,75.52,0.437,,,,,,,
2026-04-17 17:43:53.671,15.153,1136656,242,1,40.22,34.8,1.156,75.52,0.436,,,,,,,
2026-04-17 17:43:53.722,15.204,1136707,241,1,40.15,34.79,1.154,75.52,0.437,,,,,,,
2026-04-17 17:43:53.771,15.253,1136756,242,1,40.14,34.79,1.154,75.52,0.438,,,,,,,
2026-04-17 17:43:53.822,15.304,1136807,241,1,40.11,34.78,1.153,75.52,0.437,,,,,,,
2026-04-17 17:43:53.872,15.354,1136856,240,1,40.14,34.78,1.154,75.52,0.437,,,,,,,
2026-04-17 17:43:53.923,15.405,1136907,241,1,40.11,34.78,1.153,75.52,0.437,,,,,,,
2026-04-17 17:43:53.972,15.454,1136956,242,1,40.15,34.79,1.154,75.52,0.437,,,,,,,
2026-04-17 17:43:54.023,15.505,1137007,243,1,40.15,34.79,1.154,75.52,0.437,,,,,,,
2026-04-17 17:43:54.072,15.554,1137056,242,1,40.12,34.8,1.153,75.52,0.437,,,,,,,
2026-04-17 17:43:54.123,15.605,1137107,243,1,40.12,34.8,1.153,75.52,0.437,,,,,,,
2026-04-17 17:43:54.172,15.654,1137156,244,1,40.12,34.8,1.153,75.52,0.436,,,,,,,
2026-04-17 17:43:54.223,15.705,1137207,243,1,40.12,34.79,1.153,75.52,0.437,,,,,,,
2026-04-17 17:43:54.272,15.754,1137256,242,1,40.12,34.79,1.153,75.52,0.438,,,,,,,
2026-04-17 17:43:54.323,15.805,1137307,243,1,40.08,34.8,1.152,75.52,0.437,,,,,,,
2026-04-17 17:43:54.372,15.854,1137356,244,1,40.15,34.8,1.154,75.52,0.437,,,,,,,
2026-04-17 17:43:54.423,15.905,1137407,243,1,40.12,34.8,1.153,75.52,0.437,,,,,,,
2026-04-17 17:43:54.473,15.955,1137456,242,1,40.17,34.81,1.154,75.52,0.437,,,,,,,
2026-04-17 17:43:54.523,16.005,1137507,243,1,40.1,34.81,1.152,75.52,0.437,,,,,,,
2026-04-17 17:43:54.575,16.057,1137558,244,1,40.1,34.81,1.152,75.52,0.436,,,,,,,
2026-04-17 17:43:54.624,16.106,1137607,245,1,40.15,34.82,1.153,75.52,0.437,,,,,,,
2026-04-17 17:43:54.674,16.156,1137658,244,1,40.08,34.82,1.151,75.52,0.437,,,,,,,
2026-04-17 17:43:54.726,16.208,1137709,243,1,40.15,34.82,1.153,75.52,0.437,,,,,,,
2026-04-17 17:43:54.777,16.259,1137760,244,1,40.14,34.81,1.153,75.52,0.437,,,,,,,
2026-04-17 17:43:54.828,16.31,1137811,245,1,40.17,34.81,1.154,75.52,0.437,,,,,,,
2026-04-17 17:43:54.877,16.359,1137860,246,1,40.17,34.81,1.154,75.52,0.436,,,,,,,
2026-04-17 17:43:54.928,16.41,1137911,245,1,40.09,34.8,1.152,75.52,0.436,,,,,,,
2026-04-17 17:43:54.977,16.459,1137960,244,1,40.15,34.8,1.154,75.52,0.436,,,,,,,
2026-04-17 17:43:55.028,16.51,1138011,245,1,40.14,34.79,1.154,75.52,0.436,,,,,,,
2026-04-17 17:43:55.079,16.561,1138062,246,1,40.14,34.79,1.154,75.52,0.436,,,,,,,
2026-04-17 17:43:55.128,16.61,1138111,247,1,40.24,34.78,1.157,75.52,0.436,,,,,,,
2026-04-17 17:43:55.179,16.661,1138162,246,1,40.2,34.78,1.156,75.52,0.437,,,,,,,
2026-04-17 17:43:55.230,16.712,1138213,245,1,40.24,34.78,1.157,75.52,0.436,,,,,,,
2026-04-17 17:43:55.281,16.763,1138264,244,1,40.28,34.78,1.158,75.52,0.436,,,,,,,
2026-04-17 17:43:55.332,16.814,1138315,245,1,40.22,34.79,1.156,75.52,0.436,,,,,,,
2026-04-17 17:43:55.383,16.865,1138366,246,1,40.26,34.8,1.157,75.52,0.436,,,,,,,
2026-04-17 17:43:55.435,16.917,1138417,245,1,40.19,34.8,1.155,75.52,0.437,,,,,,,
2026-04-17 17:43:55.485,16.967,1138468,244,1,40.2,34.81,1.155,75.52,0.437,,,,,,,
2026-04-17 17:43:55.537,17.019,1138519,245,1,40.19,34.83,1.154,75.52,0.437,,,,,,,
2026-04-17 17:43:55.589,17.071,1138570,244,1,40.13,34.84,1.152,75.52,0.437,,,,,,,
2026-04-17 17:43:55.639,17.121,1138621,245,1,40.1,34.84,1.151,75.52,0.437,,,,,,,
2026-04-17 17:43:55.690,17.172,1138672,244,1,40.08,34.85,1.15,75.52,0.437,,,,,,,
2026-04-17 17:43:55.739,17.221,1138721,243,1,40.12,34.86,1.151,75.52,0.437,,,,,,,
2026-04-17 17:43:55.790,17.272,1138772,242,1,40.13,34.87,1.151,75.52,0.437,,,,,,,
2026-04-17 17:43:55.841,17.323,1138823,241,1,40.16,34.86,1.152,75.52,0.437,,,,,,,
2026-04-17 17:43:55.892,17.374,1138874,242,1,40.12,34.86,1.151,75.52,0.437,,,,,,,
2026-04-17 17:43:55.943,17.425,1138925,243,1,40.17,34.87,1.152,75.52,0.436,,,,,,,
2026-04-17 17:43:55.994,17.476,1138976,242,1,40.11,34.88,1.15,75.52,0.436,,,,,,,
2026-04-17 17:43:56.045,17.527,1139027,241,1,40.12,34.89,1.15,75.52,0.436,,,,,,,
2026-04-17 17:43:56.096,17.578,1139078,240,1,40.16,34.89,1.151,75.52,0.437,,,,,,,
2026-04-17 17:43:56.145,17.627,1139127,239,1,40.2,34.9,1.152,75.52,0.436,,,,,,,
2026-04-17 17:43:56.196,17.678,1139178,238,1,40.2,34.9,1.152,75.52,0.436,,,,,,,
2026-04-17 17:43:56.245,17.727,1139227,237,1,40.24,34.9,1.153,75.52,0.437,,,,,,,
2026-04-17 17:43:56.296,17.778,1139278,238,1,40.21,34.9,1.152,75.52,0.436,,,,,,,
2026-04-17 17:43:56.346,17.828,1139327,239,1,40.24,34.9,1.153,75.52,0.437,,,,,,,
2026-04-17 17:43:56.396,17.878,1139378,238,1,40.21,34.9,1.152,75.52,0.437,,,,,,,
2026-04-17 17:43:56.447,17.929,1139429,239,1,40.17,34.9,1.151,75.52,0.437,,,,,,,
2026-04-17 17:43:56.499,17.981,1139480,240,1,40.2,34.9,1.152,75.52,0.437,,,,,,,
2026-04-17 17:43:56.550,18.032,1139531,239,1,40.18,34.9,1.151,75.52,0.437,,,,,,,
2026-04-17 17:43:56.601,18.083,1139582,240,1,40.14,34.9,1.15,75.52,0.438,,,,,,,
2026-04-17 17:43:56.652,18.134,1139633,241,1,40.17,34.9,1.151,75.52,0.437,,,,,,,
2026-04-17 17:43:56.703,18.185,1139684,242,1,40.17,34.9,1.151,75.52,0.437,,,,,,,
2026-04-17 17:43:56.754,18.236,1139735,241,1,40.1,34.9,1.149,75.52,0.437,,,,,,,
2026-04-17 17:43:56.805,18.287,1139786,242,1,40.07,34.9,1.148,75.52,0.437,,,,,,,
2026-04-17 17:43:56.857,18.339,1139837,243,1,40.1,34.9,1.149,75.52,0.437,,,,,,,
2026-04-17 17:43:56.907,18.389,1139888,244,1,40.13,34.89,1.15,75.52,0.438,,,,,,,
2026-04-17 17:43:56.957,18.439,1139937,245,1,40.13,34.9,1.15,75.52,0.437,,,,,,,
2026-04-17 17:43:57.008,18.49,1139988,244,1,40.1,34.9,1.149,75.52,0.437,,,,,,,
2026-04-17 17:43:57.057,18.539,1140037,243,1,40.14,34.9,1.15,75.52,0.437,,,,,,,
2026-04-17 17:43:57.108,18.59,1140088,244,1,40.07,34.9,1.148,75.52,0.438,,,,,,,
2026-04-17 17:43:57.158,18.64,1140139,245,1,40.08,34.91,1.148,75.52,0.437,,,,,,,
2026-04-17 17:43:57.208,18.69,1140188,244,1,40.07,34.9,1.148,75.52,0.437,,,,,,,
2026-04-17 17:43:57.258,18.74,1140239,243,1,40.11,34.91,1.149,75.52,0.437,,,,,,,
2026-04-17 17:43:57.308,18.79,1140288,242,1,40.11,34.91,1.149,75.52,0.437,,,,,,,
2026-04-17 17:43:57.359,18.841,1140339,241,1,40.15,34.91,1.15,75.52,0.436,,,,,,,
2026-04-17 17:43:57.410,18.892,1140390,242,1,40.11,34.91,1.149,75.52,0.436,,,,,,,
2026-04-17 17:43:57.461,18.943,1140441,241,1,40.08,34.92,1.148,75.52,0.436,,,,,,,
2026-04-17 17:43:57.512,18.994,1140492,240,1,40.19,34.92,1.151,75.52,0.436,,,,,,,
2026-04-17 17:43:57.563,19.045,1140543,239,1,40.2,34.92,1.151,75.52,0.436,,,,,,,
2026-04-17 17:43:57.614,19.096,1140594,240,1,40.16,34.92,1.15,75.52,0.436,,,,,,,
2026-04-17 17:43:57.665,19.147,1140645,241,1,40.24,34.93,1.152,75.52,0.436,,,,,,,
2026-04-17 17:43:57.717,19.199,1140696,240,1,40.17,34.93,1.15,75.52,0.436,,,,,,,
2026-04-17 17:43:57.766,19.248,1140745,241,1,40.17,34.93,1.15,75.52,0.437,,,,,,,
2026-04-17 17:43:57.816,19.298,1140796,242,1,40.17,34.93,1.15,75.52,0.438,,,,,,,
2026-04-17 17:43:57.866,19.348,1140845,243,1,40.3,34.92,1.154,75.52,0.435,,,,,,,
2026-04-17 17:43:57.917,19.399,1140896,242,1,40.19,34.92,1.151,75.52,0.438,,,,,,,
2026-04-17 17:43:57.966,19.448,1140945,241,1,40.26,34.92,1.153,75.52,0.436,,,,,,,
2026-04-17 17:43:58.017,19.499,1140996,242,1,40.16,34.92,1.15,75.52,0.435,,,,,,,
2026-04-17 17:43:58.068,19.55,1141047,241,1,40.14,34.9,1.15,75.52,0.437,,,,,,,
2026-04-17 17:43:58.119,19.601,1141098,240,1,40.16,34.9,1.151,75.52,0.436,,,,,,,
2026-04-17 17:43:58.168,19.65,1141147,241,1,40.09,34.9,1.149,75.52,0.438,,,,,,,
2026-04-17 17:43:58.219,19.701,1141198,242,1,40.2,34.89,1.152,75.52,0.438,,,,,,,
2026-04-17 17:43:58.268,19.75,1141247,241,1,40.18,34.88,1.152,75.52,0.438,,,,,,,
2026-04-17 17:43:58.319,19.801,1141298,240,1,40.18,34.88,1.152,75.52,0.438,,,,,,,
2026-04-17 17:43:58.370,19.852,1141349,241,1,40.08,34.88,1.149,75.52,0.438,,,,,,,
2026-04-17 17:43:58.422,19.904,1141400,242,1,40.11,34.88,1.15,75.52,0.437,,,,,,,
2026-04-17 17:43:58.472,19.954,1141451,241,1,40.05,34.89,1.148,75.52,0.437,,,,,,,
2026-04-17 17:43:58.524,20.006,1141502,240,1,40.09,34.89,1.149,75.52,0.437,,,,,,,
2026-04-17 17:43:58.575,20.057,1141553,239,1,40.1,34.9,1.149,75.52,0.437,,,,,,,
2026-04-17 17:43:58.626,20.108,1141604,240,1,40.07,34.9,1.148,75.52,0.436,,,,,,,
2026-04-17 17:43:58.675,20.157,1141653,239,1,40.05,34.89,1.148,75.52,0.436,,,,,,,
2026-04-17 17:43:58.726,20.208,1141704,238,1,40.12,34.89,1.15,75.52,0.436,,,,,,,
2026-04-17 17:43:58.777,20.259,1141755,237,1,40.13,34.89,1.15,75.52,0.436,,,,,,,
2026-04-17 17:43:58.828,20.31,1141806,236,1,40.16,34.9,1.151,75.52,0.437,,,,,,,
2026-04-17 17:43:58.877,20.359,1141855,235,1,40.23,34.9,1.153,75.52,0.436,,,,,,,
2026-04-17 17:43:58.928,20.41,1141906,236,1,40.16,34.89,1.151,75.52,0.436,,,,,,,
2026-04-17 17:43:58.977,20.459,1141955,237,1,40.23,34.89,1.153,75.52,0.436,,,,,,,
2026-04-17 17:43:59.028,20.51,1142006,236,1,40.12,34.89,1.15,75.52,0.436,,,,,,,
2026-04-17 17:43:59.079,20.561,1142057,235,1,40.2,34.9,1.152,75.52,0.436,,,,,,,
2026-04-17 17:43:59.128,20.61,1142106,236,1,40.2,34.89,1.152,75.52,0.436,,,,,,,
2026-04-17 17:43:59.180,20.662,1142157,237,1,40.23,34.89,1.153,75.52,0.436,,,,,,,
2026-04-17 17:43:59.228,20.71,1142206,236,1,40.2,34.89,1.152,75.52,0.437,,,,,,,
2026-04-17 17:43:59.279,20.761,1142257,235,1,40.2,34.9,1.152,75.52,0.437,,,,,,,
2026-04-17 17:43:59.329,20.811,1142306,236,1,40.18,34.9,1.151,75.52,0.437,,,,,,,
2026-04-17 17:43:59.380,20.862,1142357,237,1,40.18,34.91,1.151,75.52,0.437,,,,,,,
2026-04-17 17:43:59.431,20.913,1142408,238,1,40.18,34.91,1.151,75.52,0.436,,,,,,,
2026-04-17 17:43:59.480,20.962,1142457,239,1,40.21,34.9,1.152,75.52,0.437,,,,,,,
2026-04-17 17:43:59.531,21.013,1142508,240,1,40.22,34.91,1.152,75.52,0.437,,,,,,,
2026-04-17 17:43:59.582,21.064,1142559,241,1,40.22,34.92,1.152,75.52,0.436,,,,,,,
2026-04-17 17:43:59.631,21.113,1142608,240,1,40.19,34.92,1.151,75.52,0.437,,,,,,,
2026-04-17 17:43:59.682,21.164,1142659,239,1,40.2,34.92,1.151,75.52,0.437,,,,,,,
2026-04-17 17:43:59.733,21.215,1142710,238,1,40.2,34.92,1.151,75.52,0.437,,,,,,,
2026-04-17 17:43:59.785,21.267,1142761,239,1,40.19,34.92,1.151,75.52,0.438,,,,,,,
2026-04-17 17:43:59.835,21.317,1142812,240,1,40.2,34.92,1.151,75.52,0.437,,,,,,,
2026-04-17 17:43:59.886,21.368,1142863,239,1,40.1,34.93,1.148,75.52,0.437,,,,,,,
2026-04-17 17:43:59.938,21.42,1142914,240,1,40.06,34.93,1.147,75.52,0.438,,,,,,,
2026-04-17 17:43:59.989,21.471,1142965,239,1,40.06,34.92,1.147,75.53,0.437,,,,,,,
2026-04-17 17:44:00.040,21.522,1143016,238,1,40.09,34.92,1.148,75.52,0.437,,,,,,,
2026-04-17 17:44:00.091,21.573,1143067,239,1,40.05,34.92,1.147,75.53,0.437,,,,,,,
2026-04-17 17:44:00.142,21.624,1143118,240,1,40.09,34.92,1.148,75.52,0.436,,,,,,,
2026-04-17 17:44:00.192,21.674,1143169,239,1,40.09,34.92,1.148,75.52,0.436,,,,,,,
2026-04-17 17:44:00.244,21.726,1143220,238,1,40.11,34.91,1.149,75.52,0.436,,,,,,,
2026-04-17 17:44:00.295,21.777,1143271,237,1,40.18,34.91,1.151,75.52,0.437,,,,,,,
2026-04-17 17:44:00.344,21.826,1143320,236,1,40.24,34.9,1.153,75.52,0.436,,,,,,,
2026-04-17 17:44:00.395,21.877,1143371,179,2,40.2,34.9,1.152,75.52,0.436,,,,,,,
2026-04-17 17:44:00.444,21.926,1143420,184,2,40.2,34.89,1.152,75.52,0.436,,,,,,,
2026-04-17 17:44:00.495,21.977,1143471,189,2,40.19,34.89,1.152,75.52,0.436,,,,,,,
2026-04-17 17:44:00.544,22.026,1143520,194,2,40.19,34.89,1.152,75.52,0.436,,,,,,,
2026-04-17 17:44:00.595,22.077,1143571,199,2,40.23,34.89,1.153,75.52,0.436,,,,,,,
2026-04-17 17:44:00.646,22.128,1143622,204,2,40.2,34.9,1.152,75.52,0.436,,,,,,,
2026-04-17 17:44:00.695,22.177,1143671,209,2,40.24,34.9,1.153,75.52,0.436,,,,,,,
2026-04-17 17:44:00.747,22.229,1143722,214,2,40.18,34.91,1.151,75.52,0.437,,,,,,,
2026-04-17 17:44:00.796,22.278,1143771,219,2,40.18,34.91,1.151,75.52,0.436,,,,,,,
2026-04-17 17:44:00.847,22.329,1143822,224,2,40.19,34.92,1.151,75.52,0.437,,,,,,,
2026-04-17 17:44:00.898,22.38,1143873,229,2,40.19,34.92,1.151,75.52,0.436,,,,,,,
2026-04-17 17:44:00.949,22.431,1143924,234,2,40.2,34.92,1.151,75.52,0.437,,,,,,,
2026-04-17 17:44:01.001,22.483,1143975,239,2,40.2,34.92,1.151,75.52,0.438,,,,,,,
2026-04-17 17:44:01.051,22.533,1144026,244,2,40.17,34.93,1.15,75.52,0.437,,,,,,,
2026-04-17 17:44:01.102,22.584,1144077,249,2,40.17,34.93,1.15,75.52,0.438,,,,,,,
2026-04-17 17:44:01.154,22.636,1144128,254,2,40.12,34.92,1.149,75.53,0.438,,,,,,,
2026-04-17 17:44:01.205,22.687,1144179,204,1,40.08,34.91,1.148,75.52,0.438,,,,,,,
2026-04-17 17:44:01.255,22.737,1144230,203,1,40.11,34.91,1.149,75.52,0.437,,,,,,,
2026-04-17 17:44:01.306,22.788,1144281,202,1,40.14,34.9,1.15,75.52,0.437,,,,,,,
2026-04-17 17:44:01.358,22.84,1144332,203,1,40.13,34.89,1.15,75.52,0.437,,,,,,,
2026-04-17 17:44:01.409,22.891,1144383,202,1,40.09,34.89,1.149,75.52,0.436,,,,,,,
2026-04-17 17:44:01.459,22.941,1144434,203,1,40.08,34.88,1.149,75.52,0.437,,,,,,,
2026-04-17 17:44:01.511,22.993,1144485,204,1,40.11,34.88,1.15,75.52,0.436,,,,,,,
2026-04-17 17:44:01.562,23.044,1144536,205,1,40.21,34.87,1.153,75.52,0.436,,,,,,,
2026-04-17 17:44:01.611,23.093,1144585,204,1,40.16,34.86,1.152,75.52,0.436,,,,,,,
2026-04-17 17:44:01.662,23.144,1144636,203,1,40.26,34.85,1.155,75.52,0.437,,,,,,,
2026-04-17 17:44:01.713,23.195,1144687,204,1,40.22,34.85,1.154,75.52,0.436,,,,,,,
2026-04-17 17:44:01.764,23.246,1144738,205,1,40.25,34.85,1.155,75.52,0.437,,,,,,,
2026-04-17 17:44:01.815,23.297,1144789,204,1,40.25,34.85,1.155,75.53,0.437,,,,,,,
2026-04-17 17:44:01.866,23.348,1144840,205,1,40.21,34.84,1.154,75.53,0.438,,,,,,,
2026-04-17 17:44:01.915,23.397,1144889,204,1,40.21,34.84,1.154,75.52,0.437,,,,,,,
2026-04-17 17:44:01.967,23.449,1144940,205,1,40.17,34.84,1.153,75.53,0.438,,,,,,,
2026-04-17 17:44:02.019,23.501,1144991,206,1,40.21,34.84,1.154,75.52,0.437,,,,,,,
2026-04-17 17:44:02.069,23.551,1145042,205,1,40.14,34.85,1.152,75.53,0.437,,,,,,,
2026-04-17 17:44:02.120,23.602,1145093,206,1,40.11,34.85,1.151,75.53,0.437,,,,,,,
2026-04-17 17:44:02.171,23.653,1145144,207,1,40.11,34.85,1.151,75.53,0.437,,,,,,,
2026-04-17 17:44:02.222,23.704,1145195,206,1,40.09,34.86,1.15,75.53,0.437,,,,,,,
2026-04-17 17:44:02.273,23.755,1145246,205,1,40.12,34.85,1.151,75.53,0.437,,,,,,,
2026-04-17 17:44:02.324,23.806,1145297,204,1,40.12,34.86,1.151,75.53,0.436,,,,,,,
2026-04-17 17:44:02.373,23.855,1145346,203,1,40.13,34.86,1.151,75.52,0.437,,,,,,,
2026-04-17 17:44:02.424,23.906,1145397,204,1,40.09,34.87,1.15,75.53,0.437,,,,,,,
2026-04-17 17:44:02.475,23.957,1145448,203,1,40.09,34.86,1.15,75.53,0.436,,,,,,,
2026-04-17 17:44:02.524,24.006,1145497,202,1,40.09,34.86,1.15,75.53,0.436,,,,,,,
2026-04-17 17:44:02.575,24.057,1145548,201,1,40.09,34.87,1.15,75.53,0.436,,,,,,,
2026-04-17 17:44:02.626,24.108,1145599,200,1,40.1,34.87,1.15,75.53,0.436,,,,,,,
2026-04-17 17:44:02.675,24.157,1145648,199,1,40.16,34.87,1.152,75.53,0.436,,,,,,,
2026-04-17 17:44:02.726,24.208,1145699,200,1,40.12,34.86,1.151,75.53,0.436,,,,,,,
2026-04-17 17:44:02.775,24.257,1145748,201,1,40.16,34.86,1.152,75.53,0.436,,,,,,,
2026-04-17 17:44:02.826,24.308,1145799,200,1,40.12,34.86,1.151,75.53,0.436,,,,,,,
2026-04-17 17:44:02.875,24.357,1145848,199,1,40.13,34.87,1.151,75.53,0.436,,,,,,,
2026-04-17 17:44:02.927,24.409,1145899,200,1,40.13,34.86,1.151,75.53,0.436,,,,,,,
2026-04-17 17:44:02.976,24.458,1145948,201,1,40.19,34.86,1.153,75.53,0.436,,,,,,,
2026-04-17 17:44:03.027,24.509,1145999,200,1,40.16,34.86,1.152,75.53,0.436,,,,,,,
2026-04-17 17:44:03.076,24.558,1146048,199,1,40.27,34.87,1.155,75.53,0.436,,,,,,,
2026-04-17 17:44:03.127,24.609,1146099,200,1,40.1,34.87,1.15,75.52,0.436,,,,,,,
2026-04-17 17:44:03.178,24.66,1146150,201,1,40.21,34.87,1.153,75.52,0.436,,,,,,,
2026-04-17 17:44:03.229,24.711,1146201,200,1,40.17,34.87,1.152,75.52,0.437,,,,,,,
2026-04-17 17:44:03.280,24.762,1146252,201,1,40.13,34.87,1.151,75.52,0.436,,,,,,,
2026-04-17 17:44:03.331,24.813,1146303,202,1,40.2,34.87,1.153,75.53,0.437,,,,,,,
2026-04-17 17:44:03.382,24.864,1146354,201,1,40.16,34.87,1.152,75.53,0.437,,,,,,,
2026-04-17 17:44:03.433,24.915,1146405,200,1,40.16,34.87,1.152,75.53,0.437,,,,,,,
2026-04-17 17:44:03.484,24.966,1146456,199,1,40.16,34.87,1.152,75.53,0.437,,,,,,,
2026-04-17 17:44:03.536,25.018,1146507,200,1,40.09,34.86,1.15,75.53,0.437,,,,,,,
2026-04-17 17:44:03.585,25.067,1146556,199,1,40.09,34.86,1.15,75.53,0.437,,,,,,,
2026-04-17 17:44:03.636,25.118,1146607,198,1,40.15,34.85,1.152,75.53,0.437,,,,,,,
2026-04-17 17:44:03.687,25.169,1146658,199,1,40.08,34.85,1.15,75.53,0.438,,,,,,,
2026-04-17 17:44:03.736,25.218,1146707,200,1,40.12,34.85,1.151,75.53,0.437,,,,,,,
2026-04-17 17:44:03.787,25.269,1146758,199,1,40.08,34.85,1.15,75.53,0.437,,,,,,,
2026-04-17 17:44:03.836,25.318,1146807,198,1,40.08,34.85,1.15,75.53,0.437,,,,,,,
2026-04-17 17:44:03.888,25.37,1146858,197,1,40.11,34.85,1.151,75.53,0.437,,,,,,,
2026-04-17 17:44:03.938,25.42,1146909,198,1,40.08,34.85,1.15,75.53,0.437,,,,,,,
2026-04-17 17:44:03.987,25.469,1146958,199,1,40.11,34.85,1.151,75.53,0.437,,,,,,,
2026-04-17 17:44:04.038,25.52,1147009,198,1,40.08,34.85,1.15,75.53,0.437,,,,,,,
2026-04-17 17:44:04.089,25.571,1147060,197,1,40.12,34.85,1.151,75.53,0.437,,,,,,,
2026-04-17 17:44:04.141,25.623,1147111,198,1,40.11,34.85,1.151,75.52,0.437,,,,,,,
2026-04-17 17:44:04.191,25.673,1147162,197,1,40.08,34.85,1.15,75.53,0.436,,,,,,,
2026-04-17 17:44:04.241,25.723,1147211,196,1,40.08,34.85,1.15,75.53,0.436,,,,,,,
2026-04-17 17:44:04.292,25.774,1147262,197,1,40.08,34.85,1.15,75.53,0.436,,,,,,,
2026-04-17 17:44:04.341,25.823,1147311,198,1,40.14,34.85,1.152,75.53,0.436,,,,,,,
2026-04-17 17:44:04.392,25.874,1147362,197,1,40.08,34.85,1.15,75.53,0.436,,,,,,,
2026-04-17 17:44:04.441,25.923,1147411,196,1,40.14,34.85,1.152,75.53,0.436,,,,,,,
2026-04-17 17:44:04.492,25.974,1147462,197,1,40.11,34.85,1.151,75.53,0.437,,,,,,,
2026-04-17 17:44:04.543,26.025,1147513,198,1,40.19,34.86,1.153,75.53,0.436,,,,,,,
2026-04-17 17:44:04.592,26.074,1147562,197,1,40.16,34.86,1.152,75.53,0.436,,,,,,,
2026-04-17 17:44:04.643,26.125,1147613,196,1,40.16,34.86,1.152,75.53,0.436,,,,,,,
2026-04-17 17:44:04.694,26.176,1147664,195,1,40.22,34.85,1.154,75.52,0.436,,,,,,,
2026-04-17 17:44:04.745,26.227,1147715,194,1,40.23,34.86,1.154,75.53,0.436,,,,,,,
2026-04-17 17:44:04.796,26.278,1147766,193,1,40.23,34.86,1.154,75.53,0.437,,,,,,,
2026-04-17 17:44:04.847,26.329,1147817,192,1,40.24,34.87,1.154,75.53,0.437,,,,,,,
2026-04-17 17:44:04.898,26.38,1147868,193,1,40.2,34.87,1.153,75.53,0.437,,,,,,,
2026-04-17 17:44:04.950,26.432,1147919,192,1,40.2,34.87,1.153,75.53,0.438,,,,,,,
2026-04-17 17:44:05.001,26.483,1147970,191,1,40.24,34.87,1.154,75.53,0.437,,,,,,,
2026-04-17 17:44:05.052,26.534,1148021,192,1,40.1,34.87,1.15,75.53,0.437,,,,,,,
2026-04-17 17:44:05.101,26.583,1148070,191,1,40.07,34.88,1.149,75.53,0.438,,,,,,,
2026-04-17 17:44:05.152,26.634,1148121,190,1,40.1,34.87,1.15,75.53,0.437,,,,,,,
2026-04-17 17:44:05.203,26.685,1148172,191,1,40.07,34.87,1.149,75.53,0.437,,,,,,,
2026-04-17 17:44:05.255,26.737,1148223,192,1,40.14,34.87,1.151,75.53,0.437,,,,,,,
2026-04-17 17:44:05.305,26.787,1148274,191,1,40.1,34.87,1.15,75.53,0.437,,,,,,,
2026-04-17 17:44:05.356,26.838,1148325,190,1,40.14,34.87,1.151,75.53,0.437,,,,,,,
2026-04-17 17:44:05.407,26.889,1148376,191,1,40.11,34.88,1.15,75.53,0.436,,,,,,,
2026-04-17 17:44:05.458,26.94,1148427,192,1,40.17,34.87,1.152,75.53,0.436,,,,,,,
2026-04-17 17:44:05.509,26.991,1148478,191,1,40.1,34.87,1.15,75.53,0.437,,,,,,,
2026-04-17 17:44:05.561,27.043,1148529,190,1,40.18,34.88,1.152,75.53,0.436,,,,,,,
2026-04-17 17:44:05.612,27.094,1148580,189,1,40.22,34.88,1.153,75.53,0.437,,,,,,,
2026-04-17 17:44:05.660,27.142,1148629,190,1,40.21,34.88,1.153,75.53,0.436,,,,,,,
2026-04-17 17:44:05.712,27.194,1148680,191,1,40.24,34.87,1.154,75.53,0.436,,,,,,,
2026-04-17 17:44:05.763,27.245,1148731,190,1,40.21,34.87,1.153,75.53,0.436,,,,,,,
2026-04-17 17:44:05.814,27.296,1148782,189,1,40.21,34.88,1.153,75.53,0.436,,,,,,,
2026-04-17 17:44:05.865,27.347,1148833,190,1,40.18,34.88,1.152,75.53,0.437,,,,,,,
2026-04-17 17:44:05.916,27.398,1148884,191,1,40.25,34.88,1.154,75.53,0.438,,,,,,,
2026-04-17 17:44:05.967,27.449,1148935,190,1,40.18,34.88,1.152,75.53,0.437,,,,,,,
2026-04-17 17:44:06.018,27.5,1148986,189,1,40.18,34.88,1.152,75.53,0.437,,,,,,,
2026-04-17 17:44:06.069,27.551,1149037,190,1,40.08,34.88,1.149,75.53,0.438,,,,,,,
2026-04-17 17:44:06.121,27.603,1149088,191,1,40.11,34.88,1.15,75.53,0.437,,,,,,,
2026-04-17 17:44:06.171,27.653,1149139,192,1,40.11,34.88,1.15,75.53,0.437,,,,,,,
2026-04-17 17:44:06.222,27.704,1149190,193,1,40.11,34.88,1.15,75.53,0.437,,,,,,,
2026-04-17 17:44:06.274,27.756,1149241,192,1,40.08,34.88,1.149,75.53,0.436,,,,,,,
2026-04-17 17:44:06.322,27.804,1149290,193,1,40.05,34.89,1.148,75.53,0.437,,,,,,,
2026-04-17 17:44:06.373,27.856,1149341,194,1,40.09,34.89,1.149,75.53,0.436,,,,,,,
2026-04-17 17:44:06.425,27.907,1149392,195,1,40.09,34.89,1.149,75.53,0.436,,,,,,,
2026-04-17 17:44:06.476,27.958,1149443,196,1,40.16,34.89,1.151,75.53,0.436,,,,,,,
2026-04-17 17:44:06.526,28.008,1149494,197,1,40.19,34.89,1.152,75.53,0.436,,,,,,,
2026-04-17 17:44:06.577,28.059,1149545,198,1,40.19,34.89,1.152,75.53,0.436,,,,,,,
2026-04-17 17:44:06.629,28.111,1149596,199,1,40.23,34.89,1.153,75.53,0.437,,,,,,,
2026-04-17 17:44:06.680,28.162,1149647,198,1,40.19,34.89,1.152,75.53,0.436,,,,,,,
2026-04-17 17:44:06.731,28.213,1149698,199,1,40.19,34.89,1.152,75.53,0.437,,,,,,,
2026-04-17 17:44:06.782,28.264,1149749,200,1,40.19,34.89,1.152,75.53,0.438,,,,,,,
2026-04-17 17:44:06.833,28.315,1149800,199,1,40.16,34.89,1.151,75.53,0.437,,,,,,,
2026-04-17 17:44:06.885,28.367,1149851,200,1,40.12,34.89,1.15,75.53,0.437,,,,,,,
2026-04-17 17:44:06.935,28.417,1149902,199,1,40.05,34.89,1.148,75.53,0.437,,,,,,,
2026-04-17 17:44:06.986,28.468,1149953,198,1,40.08,34.88,1.149,75.53,0.436,,,,,,,
2026-04-17 17:44:07.035,28.517,1150002,199,1,40.08,34.88,1.149,75.53,0.437,,,,,,,
2026-04-17 17:44:07.087,28.569,1150053,200,1,40.08,34.88,1.149,75.53,0.436,,,,,,,
2026-04-17 17:44:07.138,28.62,1150104,201,1,40.1,34.87,1.15,75.53,0.437,,,,,,,
2026-04-17 17:44:07.189,28.671,1150155,200,1,40.1,34.87,1.15,75.53,0.438,,,,,,,
2026-04-17 17:44:07.238,28.72,1150204,201,1,40.09,34.86,1.15,75.53,0.437,,,,,,,
2026-04-17 17:44:07.289,28.771,1150255,200,1,40.05,34.86,1.149,75.53,0.437,,,,,,,
2026-04-17 17:44:07.340,28.822,1150306,199,1,40.05,34.86,1.149,75.53,0.436,,,,,,,
2026-04-17 17:44:07.391,28.873,1150357,198,1,40.09,34.87,1.15,75.53,0.436,,,,,,,
2026-04-17 17:44:07.442,28.924,1150408,197,1,40.09,34.87,1.15,75.53,0.436,,,,,,,
2026-04-17 17:44:07.493,28.975,1150459,196,1,40.16,34.87,1.152,75.53,0.436,,,,,,,
2026-04-17 17:44:07.544,29.026,1150510,195,1,40.23,34.86,1.154,75.53,0.436,,,,,,,
2026-04-17 17:44:07.593,29.075,1150559,194,1,40.26,34.86,1.155,75.53,0.436,,,,,,,
2026-04-17 17:44:07.644,29.126,1150610,195,1,40.23,34.86,1.154,75.53,0.437,,,,,,,
2026-04-17 17:44:07.695,29.177,1150661,196,1,40.23,34.86,1.154,75.53,0.437,,,,,,,
2026-04-17 17:44:07.744,29.226,1150710,195,1,40.16,34.86,1.152,75.53,0.436,,,,,,,
2026-04-17 17:44:07.795,29.277,1150761,194,1,40.2,34.87,1.153,75.53,0.436,,,,,,,
2026-04-17 17:44:07.846,29.328,1150812,193,1,40.21,34.87,1.153,75.53,0.436,,,,,,,
2026-04-17 17:44:07.895,29.377,1150861,192,1,40.21,34.87,1.153,75.53,0.436,,,,,,,
2026-04-17 17:44:07.947,29.429,1150912,191,1,40.25,34.88,1.154,75.53,0.436,,,,,,,
2026-04-17 17:44:07.998,29.48,1150963,192,1,40.21,34.87,1.153,75.53,0.437,,,,,,,
2026-04-17 17:44:08.049,29.531,1151014,191,1,40.2,34.87,1.153,75.53,0.437,,,,,,,
2026-04-17 17:44:08.100,29.582,1151065,192,1,40.13,34.87,1.151,75.53,0.438,,,,,,,
2026-04-17 17:44:08.151,29.633,1151116,191,1,40.1,34.87,1.15,75.53,0.437,,,,,,,
2026-04-17 17:44:08.202,29.684,1151167,192,1,40.07,34.87,1.149,75.53,0.438,,,,,,,
2026-04-17 17:44:08.252,29.734,1151216,193,1,40.1,34.87,1.15,75.53,0.437,,,,,,,
2026-04-17 17:44:08.302,29.784,1151267,192,1,40.07,34.88,1.149,75.53,0.437,,,,,,,
2026-04-17 17:44:08.354,29.836,1151318,193,1,40.07,34.87,1.149,75.53,0.437,,,,,,,
2026-04-17 17:44:08.402,29.884,1151367,194,1,40.1,34.87,1.15,75.53,0.437,,,,,,,
2026-04-17 17:44:08.453,29.935,1151418,195,1,40.15,34.85,1.152,75.53,0.437,,,,,,,
2026-04-17 17:44:08.504,29.986,1151469,194,1,40.13,34.83,1.152,75.53,0.438,,,,,,,
2026-04-17 17:44:08.555,30.037,1151520,193,1,40.13,34.83,1.152,75.53,0.437,,,,,,,
2026-04-17 17:44:08.607,30.089,1151571,194,1,40.09,34.83,1.151,75.53,0.436,,,,,,,
2026-04-17 17:44:08.657,30.139,1151622,193,1,40.08,34.83,1.151,75.53,0.437,,,,,,,
2026-04-17 17:44:08.708,30.19,1151673,192,1,40.14,34.82,1.153,75.53,0.437,,,,,,,
2026-04-17 17:44:08.758,30.24,1151722,191,1,40.22,34.82,1.155,75.53,0.436,,,,,,,
2026-04-17 17:44:08.809,30.291,1151773,192,1,40.15,34.82,1.153,75.53,0.436,,,,,,,
2026-04-17 17:44:08.860,30.342,1151824,179,2,40.22,34.82,1.155,75.53,0.436,,,,,,,
2026-04-17 17:44:08.909,30.391,1151873,184,2,40.21,34.81,1.155,75.53,0.436,,,,,,,
2026-04-17 17:44:08.960,30.442,1151924,189,2,40.24,34.81,1.156,75.53,0.437,,,,,,,
2026-04-17 17:44:09.011,30.493,1151975,194,2,40.24,34.81,1.156,75.53,0.437,,,,,,,
2026-04-17 17:44:09.062,30.544,1152026,199,2,40.21,34.82,1.155,75.53,0.437,,,,,,,
2026-04-17 17:44:09.111,30.593,1152075,204,2,40.19,34.82,1.154,75.53,0.437,,,,,,,
2026-04-17 17:44:09.162,30.644,1152126,209,2,40.19,34.83,1.154,75.53,0.437,,,,,,,
2026-04-17 17:44:09.211,30.693,1152175,214,2,40.22,34.83,1.155,75.53,0.436,,,,,,,
2026-04-17 17:44:09.262,30.744,1152226,219,2,40.23,34.83,1.155,75.53,0.436,,,,,,,
2026-04-17 17:44:09.311,30.793,1152275,224,2,40.25,34.81,1.156,75.53,0.437,,,,,,,
2026-04-17 17:44:09.362,30.844,1152326,229,2,40.22,34.82,1.155,75.53,0.437,,,,,,,
2026-04-17 17:44:09.413,30.895,1152377,234,2,40.18,34.82,1.154,75.53,0.437,,,,,,,
2026-04-17 17:44:09.464,30.946,1152428,239,2,40.17,34.81,1.154,75.53,0.438,,,,,,,
2026-04-17 17:44:09.515,30.997,1152479,244,2,40.2,34.81,1.155,75.53,0.437,,,,,,,
2026-04-17 17:44:09.567,31.049,1152530,249,2,40.13,34.8,1.153,75.53,0.438,,,,,,,
2026-04-17 17:44:09.616,31.098,1152579,254,2,40.12,34.8,1.153,75.53,0.437,,,,,,,
2026-04-17 17:44:09.668,31.15,1152630,219,1,40.22,34.79,1.156,75.53,0.437,,,,,,,
2026-04-17 17:44:09.718,31.2,1152681,218,1,40.14,34.78,1.154,75.53,0.437,,,,,,,
2026-04-17 17:44:09.769,31.251,1152732,219,1,40.13,34.78,1.154,75.53,0.437,,,,,,,
2026-04-17 17:44:09.820,31.302,1152783,220,1,40.13,34.78,1.154,75.53,0.437,,,,,,,
2026-04-17 17:44:09.872,31.354,1152834,221,1,40.14,34.78,1.154,75.53,0.437,,,,,,,
2026-04-17 17:44:09.922,31.404,1152885,220,1,40.11,34.79,1.153,75.53,0.437,,,,,,,
2026-04-17 17:44:09.973,31.455,1152936,219,1,40.12,34.79,1.153,75.53,0.436,,,,,,,
2026-04-17 17:44:10.022,31.504,1152985,218,1,40.12,34.8,1.153,75.53,0.436,,,,,,,
2026-04-17 17:44:10.074,31.556,1153036,219,1,40.08,34.8,1.152,75.53,0.436,,,,,,,
2026-04-17 17:44:10.124,31.606,1153087,220,1,40.12,34.8,1.153,75.53,0.436,,,,,,,
2026-04-17 17:44:10.174,31.656,1153136,221,1,40.21,34.78,1.156,75.53,0.436,,,,,,,
2026-04-17 17:44:10.225,31.707,1153187,222,1,40.21,34.79,1.156,75.53,0.436,,,,,,,
2026-04-17 17:44:10.276,31.758,1153238,221,1,40.18,34.79,1.155,75.53,0.437,,,,,,,
2026-04-17 17:44:10.326,31.808,1153289,220,1,40.22,34.79,1.156,75.53,0.436,,,,,,,
2026-04-17 17:44:10.377,31.859,1153340,221,1,40.19,34.8,1.155,75.53,0.436,,,,,,,
2026-04-17 17:44:10.427,31.909,1153389,222,1,40.19,34.8,1.155,75.53,0.436,,,,,,,
2026-04-17 17:44:10.477,31.959,1153440,221,1,40.19,34.8,1.155,75.53,0.436,,,,,,,
2026-04-17 17:44:10.529,32.011,1153491,220,1,40.19,34.8,1.155,75.53,0.436,,,,,,,
2026-04-17 17:44:10.580,32.062,1153542,219,1,40.23,34.8,1.156,75.53,0.437,,,,,,,
2026-04-17 17:44:10.631,32.113,1153593,220,1,40.2,34.8,1.155,75.53,0.437,,,,,,,
2026-04-17 17:44:10.682,32.164,1153644,221,1,40.23,34.81,1.156,75.53,0.437,,,,,,,
2026-04-17 17:44:10.733,32.215,1153695,220,1,40.17,34.81,1.154,75.53,0.437,,,,,,,
2026-04-17 17:44:10.784,32.266,1153746,221,1,40.13,34.81,1.153,75.53,0.437,,,,,,,
2026-04-17 17:44:10.835,32.317,1153797,220,1,40.13,34.8,1.153,75.53,0.437,,,,,,,
2026-04-17 17:44:10.886,32.368,1153848,221,1,40.12,34.8,1.153,75.53,0.437,,,,,,,
2026-04-17 17:44:10.937,32.419,1153899,220,1,40.12,34.8,1.153,75.53,0.437,,,,,,,
2026-04-17 17:44:10.988,32.47,1153950,221,1,40.12,34.79,1.153,75.53,0.436,,,,,,,
2026-04-17 17:44:11.037,32.519,1153999,220,1,40.08,34.79,1.152,75.53,0.437,,,,,,,
2026-04-17 17:44:11.088,32.57,1154050,219,1,40.09,34.8,1.152,75.53,0.436,,,,,,,
2026-04-17 17:44:11.139,32.621,1154101,218,1,40.12,34.8,1.153,75.53,0.436,,,,,,,
2026-04-17 17:44:11.189,32.671,1154150,219,1,40.08,34.8,1.152,75.53,0.436,,,,,,,
2026-04-17 17:44:11.240,32.722,1154201,220,1,40.12,34.79,1.153,75.53,0.436,,,,,,,
2026-04-17 17:44:11.289,32.771,1154250,219,1,40.09,34.8,1.152,75.53,0.436,,,,,,,
2026-04-17 17:44:11.340,32.822,1154301,218,1,40.13,34.81,1.153,75.53,0.436,,,,,,,
2026-04-17 17:44:11.391,32.873,1154352,219,1,40.1,34.81,1.152,75.53,0.436,,,,,,,
2026-04-17 17:44:11.442,32.924,1154403,220,1,40.17,34.81,1.154,75.53,0.436,,,,,,,
2026-04-17 17:44:11.493,32.975,1154454,221,1,40.19,34.8,1.155,75.53,0.436,,,,,,,
2026-04-17 17:44:11.544,33.026,1154505,220,1,40.16,34.8,1.154,75.53,0.436,,,,,,,
2026-04-17 17:44:11.595,33.077,1154556,219,1,40.2,34.81,1.155,75.53,0.436,,,,,,,
2026-04-17 17:44:11.644,33.126,1154605,220,1,40.17,34.81,1.154,75.53,0.436,,,,,,,
2026-04-17 17:44:11.695,33.177,1154656,221,1,40.24,34.81,1.156,75.53,0.436,,,,,,,
2026-04-17 17:44:11.746,33.228,1154707,220,1,40.16,34.81,1.154,75.53,0.437,,,,,,,
2026-04-17 17:44:11.797,33.279,1154758,219,1,40.23,34.8,1.156,75.53,0.437,,,,,,,
2026-04-17 17:44:11.848,33.33,1154809,220,1,40.2,34.8,1.155,75.53,0.438,,,,,,,
2026-04-17 17:44:11.900,33.382,1154860,219,1,40.12,34.8,1.153,75.53,0.437,,,,,,,
2026-04-17 17:44:11.951,33.433,1154911,220,1,40.06,34.81,1.151,75.53,0.438,,,,,,,
2026-04-17 17:44:12.002,33.484,1154962,221,1,40.09,34.8,1.152,75.53,0.437,,,,,,,
2026-04-17 17:44:12.053,33.535,1155013,220,1,40.06,34.8,1.151,75.53,0.437,,,,,,,
2026-04-17 17:44:12.104,33.586,1155064,219,1,40.09,34.8,1.152,75.53,0.437,,,,,,,
2026-04-17 17:44:12.155,33.637,1155115,218,1,40.1,34.81,1.152,75.53,0.436,,,,,,,
2026-04-17 17:44:12.204,33.686,1155164,217,1,40.1,34.81,1.152,75.53,0.436,,,,,,,
2026-04-17 17:44:12.255,33.737,1155215,216,1,40.18,34.81,1.154,75.54,0.436,,,,,,,
2026-04-17 17:44:12.306,33.788,1155266,217,1,40.14,34.82,1.153,75.53,0.436,,,,,,,
2026-04-17 17:44:12.357,33.839,1155317,218,1,40.15,34.82,1.153,75.53,0.437,,,,,,,
2026-04-17 17:44:12.408,33.89,1155368,219,1,40.2,34.83,1.154,75.53,0.437,,,,,,,
2026-04-17 17:44:12.459,33.941,1155419,220,1,40.23,34.83,1.155,75.53,0.436,,,,,,,
2026-04-17 17:44:12.508,33.99,1155468,219,1,40.2,34.83,1.154,75.53,0.436,,,,,,,
2026-04-17 17:44:12.559,34.041,1155519,218,1,40.21,34.84,1.154,75.53,0.436,,,,,,,
2026-04-17 17:44:12.610,34.092,1155570,217,1,40.22,34.85,1.154,75.53,0.436,,,,,,,
2026-04-17 17:44:12.661,34.143,1155621,218,1,40.16,34.86,1.152,75.53,0.436,,,,,,,
2026-04-17 17:44:12.713,34.194,1155672,217,1,40.16,34.86,1.152,75.53,0.437,,,,,,,
2026-04-17 17:44:12.764,34.246,1155723,216,1,40.19,34.86,1.153,75.53,0.437,,,,,,,
2026-04-17 17:44:12.815,34.297,1155774,215,1,40.22,34.85,1.154,75.53,0.437,,,,,,,
2026-04-17 17:44:12.866,34.348,1155825,216,1,40.15,34.85,1.152,75.53,0.437,,,,,,,
2026-04-17 17:44:12.917,34.399,1155876,215,1,40.12,34.85,1.151,75.54,0.437,,,,,,,
2026-04-17 17:44:12.969,34.451,1155927,214,1,40.12,34.85,1.151,75.53,0.437,,,,,,,
2026-04-17 17:44:13.020,34.502,1155978,215,1,40.11,34.85,1.151,75.53,0.437,,,,,,,
2026-04-17 17:44:13.070,34.552,1156029,214,1,40.11,34.85,1.151,75.53,0.437,,,,,,,
2026-04-17 17:44:13.122,34.604,1156080,213,1,40.15,34.85,1.152,75.53,0.436,,,,,,,
2026-04-17 17:44:13.172,34.654,1156131,214,1,40.08,34.85,1.15,75.53,0.437,,,,,,,
2026-04-17 17:44:13.223,34.705,1156182,213,1,40.07,34.85,1.15,75.53,0.437,,,,,,,
2026-04-17 17:44:13.274,34.756,1156233,212,1,40.18,34.85,1.153,75.53,0.436,,,,,,,
2026-04-17 17:44:13.326,34.808,1156284,211,1,40.22,34.85,1.154,75.53,0.436,,,,,,,
2026-04-17 17:44:13.377,34.859,1156335,210,1,40.22,34.85,1.154,75.53,0.436,,,,,,,
2026-04-17 17:44:13.428,34.91,1156386,209,1,40.23,34.86,1.154,75.53,0.437,,,,,,,
2026-04-17 17:44:13.479,34.961,1156437,210,1,40.2,34.86,1.153,75.53,0.437,,,,,,,
2026-04-17 17:44:13.530,35.012,1156488,209,1,40.16,34.86,1.152,75.53,0.437,,,,,,,
2026-04-17 17:44:13.581,35.063,1156539,208,1,40.23,34.86,1.154,75.53,0.437,,,,,,,
2026-04-17 17:44:13.632,35.114,1156590,209,1,40.19,34.86,1.153,75.53,0.437,,,,,,,
2026-04-17 17:44:13.683,35.165,1156641,208,1,40.16,34.87,1.152,75.53,0.438,,,,,,,
2026-04-17 17:44:13.734,35.216,1156692,209,1,40.1,34.87,1.15,75.54,0.437,,,,,,,
2026-04-17 17:44:13.785,35.267,1156743,210,1,40.13,34.87,1.151,75.53,0.437,,,,,,,
2026-04-17 17:44:13.837,35.319,1156794,209,1,40.09,34.87,1.15,75.53,0.438,,,,,,,
2026-04-17 17:44:13.887,35.369,1156845,208,1,40.12,34.86,1.151,75.53,0.437,,,,,,,
2026-04-17 17:44:13.939,35.421,1156896,209,1,40.12,34.85,1.151,75.53,0.437,,,,,,,
2026-04-17 17:44:13.989,35.471,1156947,208,1,40.08,34.85,1.15,75.53,0.436,,,,,,,
2026-04-17 17:44:14.039,35.521,1156996,207,1,40.12,34.85,1.151,75.53,0.437,,,,,,,
2026-04-17 17:44:14.089,35.571,1157047,208,1,40.08,34.85,1.15,75.53,0.436,,,,,,,
2026-04-17 17:44:14.139,35.621,1157096,209,1,40.15,34.85,1.152,75.53,0.437,,,,,,,
2026-04-17 17:44:14.190,35.672,1157147,208,1,40.11,34.85,1.151,75.53,0.437,,,,,,,
2026-04-17 17:44:14.241,35.723,1157198,207,1,40.17,34.84,1.153,75.53,0.437,,,,,,,
2026-04-17 17:44:14.292,35.774,1157249,206,1,40.25,34.85,1.155,75.53,0.437,,,,,,,
2026-04-17 17:44:14.343,35.825,1157300,205,1,40.25,34.85,1.155,75.53,0.437,,,,,,,
2026-04-17 17:44:14.394,35.876,1157351,206,1,40.19,34.86,1.153,75.53,0.437,,,,,,,
2026-04-17 17:44:14.445,35.927,1157402,207,1,40.2,34.86,1.153,75.53,0.437,,,,,,,
2026-04-17 17:44:14.496,35.978,1157453,206,1,40.17,34.87,1.152,75.53,0.437,,,,,,,
2026-04-17 17:44:14.548,36.03,1157504,205,1,40.18,34.88,1.152,75.53,0.437,,,,,,,
2026-04-17 17:44:14.598,36.08,1157555,206,1,40.17,34.87,1.152,75.53,0.437,,,,,,,
2026-04-17 17:44:14.650,36.132,1157606,205,1,40.1,34.87,1.15,75.53,0.437,,,,,,,
2026-04-17 17:44:14.701,36.183,1157657,206,1,40.07,34.87,1.149,75.54,0.437,,,,,,,
2026-04-17 17:44:14.750,36.232,1157706,207,1,40.07,34.87,1.149,75.53,0.437,,,,,,,
2026-04-17 17:44:14.802,36.284,1157757,208,1,40.1,34.87,1.15,75.53,0.437,,,,,,,
2026-04-17 17:44:14.852,36.334,1157808,209,1,40.1,34.87,1.15,75.54,0.437,,,,,,,
2026-04-17 17:44:14.901,36.383,1157857,210,1,40.11,34.88,1.15,75.53,0.437,,,,,,,
2026-04-17 17:44:14.952,36.434,1157908,209,1,40.07,34.88,1.149,75.53,0.437,,,,,,,
2026-04-17 17:44:15.003,36.485,1157959,208,1,40.09,34.86,1.15,75.53,0.437,,,,,,,
2026-04-17 17:44:15.054,36.536,1158010,207,1,40.09,34.86,1.15,75.53,0.436,,,,,,,
2026-04-17 17:44:15.105,36.587,1158061,206,1,40.1,34.87,1.15,75.53,0.436,,,,,,,
2026-04-17 17:44:15.157,36.639,1158112,207,1,40.06,34.87,1.149,75.54,0.436,,,,,,,
2026-04-17 17:44:15.207,36.689,1158163,208,1,40.12,34.86,1.151,75.53,0.436,,,,,,,
2026-04-17 17:44:15.256,36.738,1158212,209,1,40.19,34.86,1.153,75.53,0.436,,,,,,,
2026-04-17 17:44:15.307,36.789,1158263,208,1,40.16,34.87,1.152,75.53,0.436,,,,,,,
2026-04-17 17:44:15.358,36.84,1158314,207,1,40.24,34.87,1.154,75.53,0.436,,,,,,,
2026-04-17 17:44:15.409,36.891,1158365,208,1,40.17,34.87,1.152,75.53,0.437,,,,,,,
2026-04-17 17:44:15.460,36.942,1158416,209,1,40.21,34.87,1.153,75.53,0.437,,,,,,,
2026-04-17 17:44:15.511,36.993,1158467,208,1,40.18,34.88,1.152,75.53,0.437,,,,,,,
2026-04-17 17:44:15.563,37.045,1158518,207,1,40.19,34.89,1.152,75.54,0.437,,,,,,,
2026-04-17 17:44:15.613,37.095,1158569,208,1,40.16,34.89,1.151,75.54,0.438,,,,,,,
2026-04-17 17:44:15.665,37.147,1158620,207,1,40.16,34.89,1.151,75.54,0.437,,,,,,,
2026-04-17 17:44:15.716,37.198,1158671,208,1,40.08,34.89,1.149,75.54,0.438,,,,,,,
2026-04-17 17:44:15.767,37.249,1158722,207,1,40.05,34.89,1.148,75.54,0.437,,,,,,,
2026-04-17 17:44:15.818,37.3,1158773,206,1,40.09,34.89,1.149,75.54,0.437,,,,,,,
2026-04-17 17:44:15.869,37.351,1158824,207,1,40.08,34.88,1.149,75.53,0.437,,,,,,,
2026-04-17 17:44:15.920,37.402,1158875,208,1,40.08,34.89,1.149,75.54,0.437,,,,,,,
2026-04-17 17:44:15.971,37.453,1158926,209,1,40.09,34.89,1.149,75.54,0.436,,,,,,,
2026-04-17 17:44:16.022,37.504,1158977,210,1,40.12,34.89,1.15,75.54,0.436,,,,,,,
2026-04-17 17:44:16.073,37.555,1159028,211,1,40.16,34.89,1.151,75.54,0.437,,,,,,,
2026-04-17 17:44:16.125,37.607,1159079,212,1,40.2,34.89,1.152,75.53,0.436,,,,,,,
2026-04-17 17:44:16.175,37.657,1159130,213,1,40.2,34.89,1.152,75.53,0.437,,,,,,,
2026-04-17 17:44:16.226,37.708,1159181,212,1,40.19,34.89,1.152,75.53,0.437,,,,,,,
2026-04-17 17:44:16.277,37.759,1159232,213,1,40.16,34.9,1.151,75.54,0.437,,,,,,,
2026-04-17 17:44:16.326,37.808,1159281,214,1,40.2,34.89,1.152,75.54,0.437,,,,,,,
2026-04-17 17:44:16.377,37.859,1159332,213,1,40.16,34.9,1.151,75.54,0.436,,,,,,,
2026-04-17 17:44:16.427,37.909,1159381,214,1,40.16,34.89,1.151,75.54,0.436,,,,,,,
2026-04-17 17:44:16.477,37.959,1159432,215,1,40.19,34.89,1.152,75.54,0.437,,,,,,,
2026-04-17 17:44:16.529,38.011,1159483,216,1,40.23,34.89,1.153,75.54,0.437,,,,,,,
2026-04-17 17:44:16.580,38.062,1159534,215,1,40.22,34.89,1.153,75.54,0.437,,,,,,,
2026-04-17 17:44:16.631,38.113,1159585,216,1,40.18,34.88,1.152,75.54,0.437,,,,,,,
2026-04-17 17:44:16.682,38.164,1159636,215,1,40.18,34.88,1.152,75.54,0.437,,,,,,,
2026-04-17 17:44:16.733,38.215,1159687,216,1,40.11,34.88,1.15,75.54,0.438,,,,,,,
2026-04-17 17:44:16.782,38.264,1159736,217,1,40.14,34.88,1.151,75.54,0.437,,,,,,,
2026-04-17 17:44:16.833,38.315,1159787,216,1,40.08,34.88,1.149,75.54,0.438,,,,,,,
2026-04-17 17:44:16.884,38.366,1159838,217,1,40.04,34.88,1.148,75.54,0.437,,,,,,,
2026-04-17 17:44:16.935,38.417,1159889,216,1,40.04,34.88,1.148,75.53,0.438,,,,,,,
2026-04-17 17:44:16.986,38.468,1159940,215,1,40.11,34.88,1.15,75.54,0.437,,,,,,,
2026-04-17 17:44:17.038,38.52,1159991,214,1,40.14,34.88,1.151,75.54,0.436,,,,,,,
2026-04-17 17:44:17.089,38.571,1160042,213,1,40.14,34.88,1.151,75.53,0.436,,,,,,,
2026-04-17 17:44:17.139,38.621,1160093,214,1,40.14,34.87,1.151,75.54,0.436,,,,,,,
2026-04-17 17:44:17.191,38.673,1160144,215,1,40.18,34.88,1.152,75.53,0.436,,,,,,,
2026-04-17 17:44:17.242,38.724,1160195,216,1,40.25,34.88,1.154,75.54,0.437,,,,,,,
2026-04-17 17:44:17.293,38.775,1160246,215,1,40.21,34.88,1.153,75.54,0.436,,,,,,,
2026-04-17 17:44:17.344,38.826,1160297,179,2,40.25,34.88,1.154,75.53,0.437,,,,,,,
2026-04-17 17:44:17.395,38.877,1160348,184,2,40.21,34.87,1.153,75.54,0.437,,,,,,,
2026-04-17 17:44:17.446,38.928,1160399,189,2,40.23,34.87,1.154,75.54,0.438,,,,,,,
2026-04-17 17:44:17.497,38.979,1160450,194,2,40.2,34.86,1.153,75.54,0.438,,,,,,,
2026-04-17 17:44:17.546,39.028,1160499,199,2,40.23,34.86,1.154,75.54,0.437,,,,,,,
2026-04-17 17:44:17.597,39.079,1160550,204,2,40.2,34.87,1.153,75.54,0.437,,,,,,,
2026-04-17 17:44:17.648,39.13,1160601,209,2,40.13,34.87,1.151,75.54,0.437,,,,,,,
2026-04-17 17:44:17.699,39.181,1160652,214,2,40.1,34.87,1.15,75.54,0.437,,,,,,,
2026-04-17 17:44:17.751,39.233,1160703,219,2,40.09,34.87,1.15,75.54,0.437,,,,,,,
2026-04-17 17:44:17.802,39.284,1160754,224,2,40.09,34.86,1.15,75.54,0.437,,,,,,,
2026-04-17 17:44:17.851,39.333,1160803,229,2,40.12,34.86,1.151,75.54,0.437,,,,,,,
2026-04-17 17:44:17.902,39.384,1160854,234,2,40.15,34.85,1.152,75.54,0.438,,,,,,,
2026-04-17 17:44:17.953,39.435,1160905,239,2,40.14,34.85,1.152,75.54,0.437,,,,,,,
2026-04-17 17:44:18.004,39.486,1160956,244,2,40.18,34.85,1.153,75.54,0.437,,,,,,,
2026-04-17 17:44:18.055,39.537,1161007,249,2,40.14,34.85,1.152,75.54,0.436,,,,,,,
2026-04-17 17:44:18.106,39.588,1161058,254,2,40.17,34.84,1.153,75.54,0.437,,,,,,,
2026-04-17 17:44:18.157,39.639,1161109,184,1,40.13,34.84,1.152,75.53,0.437,,,,,,,
2026-04-17 17:44:18.208,39.69,1161160,183,1,40.23,34.83,1.155,75.53,0.436,,,,,,,
2026-04-17 17:44:18.259,39.741,1161211,184,1,40.2,34.83,1.154,75.54,0.437,,,,,,,
2026-04-17 17:44:18.310,39.792,1161262,185,1,40.2,34.84,1.154,75.54,0.436,,,,,,,
2026-04-17 17:44:18.362,39.844,1161313,186,1,40.21,34.84,1.154,75.54,0.437,,,,,,,
2026-04-17 17:44:18.412,39.894,1161364,185,1,40.16,34.83,1.153,75.54,0.437,,,,,,,
2026-04-17 17:44:18.463,39.945,1161415,184,1,40.2,34.83,1.154,75.53,0.438,,,,,,,
2026-04-17 17:44:18.514,39.996,1161466,185,1,40.17,34.84,1.153,75.54,0.437,,,,,,,
2026-04-17 17:44:18.565,40.047,1161517,184,1,40.14,34.84,1.152,75.54,0.437,,,,,,,
2026-04-17 17:44:18.617,40.099,1161568,185,1,40.1,34.84,1.151,75.54,0.437,,,,,,,
2026-04-17 17:44:18.668,40.15,1161619,186,1,40.1,34.84,1.151,75.54,0.437,,,,,,,
2026-04-17 17:44:18.719,40.201,1161670,187,1,40.1,34.84,1.151,75.54,0.437,,,,,,,
2026-04-17 17:44:18.770,40.252,1161721,188,1,40.13,34.84,1.152,75.54,0.436,,,,,,,
2026-04-17 17:44:18.821,40.303,1161772,187,1,40.1,34.84,1.151,75.54,0.436,,,,,,,
2026-04-17 17:44:18.872,40.354,1161823,186,1,40.14,34.84,1.152,75.54,0.436,,,,,,,
2026-04-17 17:44:18.923,40.405,1161874,185,1,40.17,34.84,1.153,75.54,0.436,,,,,,,
2026-04-17 17:44:18.974,40.456,1161925,184,1,40.21,34.84,1.154,75.54,0.437,,,,,,,
2026-04-17 17:44:19.025,40.507,1161976,183,1,40.21,34.84,1.154,75.53,0.437,,,,,,,
2026-04-17 17:44:19.076,40.558,1162027,182,1,40.21,34.84,1.154,75.54,0.436,,,,,,,
2026-04-17 17:44:19.125,40.607,1162076,183,1,40.18,34.85,1.153,75.54,0.436,,,,,,,
2026-04-17 17:44:19.176,40.658,1162127,184,1,40.18,34.85,1.153,75.54,0.436,,,,,,,
2026-04-17 17:44:19.227,40.71,1162178,183,1,40.15,34.85,1.152,75.54,0.436,,,,,,,
2026-04-17 17:44:19.278,40.76,1162229,182,1,40.18,34.85,1.153,75.54,0.436,,,,,,,
2026-04-17 17:44:19.329,40.811,1162280,183,1,40.18,34.85,1.153,75.54,0.437,,,,,,,
2026-04-17 17:44:19.381,40.863,1162331,184,1,40.21,34.85,1.154,75.54,0.437,,,,,,,
2026-04-17 17:44:19.431,40.913,1162382,183,1,40.17,34.84,1.153,75.54,0.437,,,,,,,
2026-04-17 17:44:19.482,40.964,1162433,184,1,40.07,34.84,1.15,75.54,0.437,,,,,,,
2026-04-17 17:44:19.533,41.015,1162484,185,1,40.14,34.84,1.152,75.54,0.438,,,,,,,
2026-04-17 17:44:19.585,41.067,1162535,184,1,40.1,34.83,1.151,75.54,0.437,,,,,,,
2026-04-17 17:44:19.636,41.118,1162586,183,1,40.12,34.83,1.152,75.54,0.437,,,,,,,
2026-04-17 17:44:19.687,41.169,1162637,184,1,40.1,34.83,1.151,75.54,0.437,,,,,,,
2026-04-17 17:44:19.738,41.22,1162688,185,1,40.13,34.83,1.152,75.54,0.436,,,,,,,
2026-04-17 17:44:19.789,41.271,1162739,184,1,40.1,34.84,1.151,75.54,0.437,,,,,,,
2026-04-17 17:44:19.841,41.323,1162790,183,1,40.14,34.84,1.152,75.54,0.436,,,,,,,
2026-04-17 17:44:19.891,41.373,1162841,182,1,40.21,34.84,1.154,75.54,0.437,,,,,,,
2026-04-17 17:44:19.942,41.424,1162892,181,1,40.21,34.84,1.154,75.54,0.436,,,,,,,
2026-04-17 17:44:19.992,41.474,1162941,180,1,40.21,34.84,1.154,75.54,0.436,,,,,,,
2026-04-17 17:44:20.042,41.524,1162992,181,1,40.18,34.85,1.153,75.54,0.437,,,,,,,
2026-04-17 17:44:20.093,41.575,1163043,182,1,40.25,34.85,1.155,75.54,0.436,,,,,,,
2026-04-17 17:44:20.144,41.626,1163094,181,1,40.22,34.85,1.154,75.54,0.437,,,,,,,
2026-04-17 17:44:20.195,41.677,1163145,182,1,40.21,34.85,1.154,75.54,0.438,,,,,,,
2026-04-17 17:44:20.247,41.729,1163196,181,1,40.18,34.85,1.153,75.54,0.437,,,,,,,
2026-04-17 17:44:20.298,41.78,1163247,182,1,40.14,34.84,1.152,75.54,0.437,,,,,,,
2026-04-17 17:44:20.349,41.831,1163298,181,1,40.07,34.84,1.15,75.54,0.438,,,,,,,
2026-04-17 17:44:20.398,41.88,1163347,182,1,40.07,34.84,1.15,75.54,0.438,,,,,,,
2026-04-17 17:44:20.449,41.931,1163398,181,1,40.03,34.84,1.149,75.54,0.437,,,,,,,
2026-04-17 17:44:20.500,41.982,1163449,180,1,40.07,34.84,1.15,75.54,0.437,,,,,,,
2026-04-17 17:44:20.549,42.031,1163498,179,1,40.13,34.84,1.152,75.54,0.437,,,,,,,
2026-04-17 17:44:20.600,42.082,1163549,179,1,40.13,34.84,1.152,75.54,0.437,,,,,,,
2026-04-17 17:44:20.651,42.133,1163600,179,1,40.16,34.83,1.153,75.54,0.437,,,,,,,
2026-04-17 17:44:20.702,42.184,1163651,180,1,40.13,34.83,1.152,75.54,0.437,,,,,,,
2026-04-17 17:44:20.754,42.236,1163702,181,1,40.16,34.83,1.153,75.54,0.437,,,,,,,
2026-04-17 17:44:20.804,42.286,1163753,180,1,40.12,34.83,1.152,75.54,0.436,,,,,,,
2026-04-17 17:44:20.855,42.337,1163804,181,1,40.09,34.83,1.151,75.54,0.437,,,,,,,
2026-04-17 17:44:20.904,42.386,1163853,182,1,40.16,34.83,1.153,75.54,0.436,,,,,,,
2026-04-17 17:44:20.956,42.438,1163904,181,1,40.09,34.83,1.151,75.54,0.436,,,,,,,
2026-04-17 17:44:21.007,42.489,1163955,180,1,40.23,34.83,1.155,75.54,0.436,,,,,,,
2026-04-17 17:44:21.056,42.538,1164004,181,1,40.22,34.83,1.155,75.54,0.437,,,,,,,
2026-04-17 17:44:21.107,42.589,1164055,180,1,40.22,34.82,1.155,75.54,0.436,,,,,,,
2026-04-17 17:44:21.158,42.64,1164106,179,1,40.26,34.83,1.156,75.54,0.437,,,,,,,
2026-04-17 17:44:21.208,42.69,1164155,180,1,40.19,34.83,1.154,75.54,0.436,,,,,,,
2026-04-17 17:44:21.259,42.741,1164206,181,1,40.2,34.83,1.154,75.54,0.437,,,,,,,
2026-04-17 17:44:21.309,42.791,1164257,182,1,40.2,34.83,1.154,75.54,0.437,,,,,,,
2026-04-17 17:44:21.360,42.842,1164308,183,1,40.2,34.84,1.154,75.54,0.436,,,,,,,
2026-04-17 17:44:21.412,42.894,1164359,184,1,40.2,34.84,1.154,75.54,0.437,,,,,,,
2026-04-17 17:44:21.463,42.945,1164410,183,1,40.17,34.84,1.153,75.54,0.437,,,,,,,
2026-04-17 17:44:21.514,42.996,1164461,182,1,40.21,34.84,1.154,75.54,0.437,,,,,,,
2026-04-17 17:44:21.562,43.044,1164510,183,1,40.17,34.84,1.153,75.54,0.438,,,,,,,
2026-04-17 17:44:21.614,43.096,1164561,184,1,40.17,34.84,1.153,75.54,0.438,,,,,,,
2026-04-17 17:44:21.665,43.147,1164612,185,1,40.17,34.84,1.153,75.54,0.438,,,,,,,
2026-04-17 17:44:21.715,43.197,1164663,184,1,40.1,34.84,1.151,75.54,0.438,,,,,,,
2026-04-17 17:44:21.767,43.249,1164714,185,1,40.06,34.84,1.15,75.54,0.437,,,,,,,
2026-04-17 17:44:21.818,43.3,1164765,186,1,40.09,34.83,1.151,75.54,0.438,,,,,,,
2026-04-17 17:44:21.869,43.351,1164816,185,1,40.09,34.83,1.151,75.54,0.437,,,,,,,
2026-04-17 17:44:21.920,43.402,1164867,184,1,40.09,34.83,1.151,75.54,0.436,,,,,,,
2026-04-17 17:44:21.971,43.453,1164918,183,1,40.09,34.83,1.151,75.54,0.436,,,,,,,
2026-04-17 17:44:22.022,43.504,1164969,182,1,40.17,34.84,1.153,75.54,0.436,,,,,,,
2026-04-17 17:44:22.073,43.555,1165020,183,1,40.16,34.83,1.153,75.54,0.436,,,,,,,
2026-04-17 17:44:22.125,43.607,1165071,184,1,40.23,34.83,1.155,75.54,0.436,,,,,,,
2026-04-17 17:44:22.175,43.657,1165122,183,1,40.2,34.83,1.154,75.54,0.437,,,,,,,
2026-04-17 17:44:22.227,43.709,1165173,182,1,40.24,34.84,1.155,75.54,0.436,,,,,,,
2026-04-17 17:44:22.278,43.76,1165224,183,1,40.21,34.84,1.154,75.54,0.437,,,,,,,
2026-04-17 17:44:22.327,43.809,1165273,184,1,40.21,34.85,1.154,75.54,0.437,,,,,,,
2026-04-17 17:44:22.378,43.86,1165324,185,1,40.21,34.85,1.154,75.54,0.437,,,,,,,
2026-04-17 17:44:22.429,43.911,1165375,184,1,40.18,34.85,1.153,75.54,0.437,,,,,,,
2026-04-17 17:44:22.480,43.962,1165426,183,1,40.18,34.85,1.153,75.54,0.437,,,,,,,
2026-04-17 17:44:22.531,44.013,1165477,182,1,40.18,34.85,1.153,75.54,0.437,,,,,,,
2026-04-17 17:44:22.582,44.064,1165528,183,1,40.07,34.85,1.15,75.54,0.437,,,,,,,
2026-04-17 17:44:22.634,44.116,1165579,184,1,40.07,34.85,1.15,75.54,0.437,,,,,,,
2026-04-17 17:44:22.684,44.166,1165630,185,1,40.1,34.84,1.151,75.54,0.437,,,,,,,
2026-04-17 17:44:22.735,44.217,1165681,186,1,40.1,34.84,1.151,75.54,0.437,,,,,,,
2026-04-17 17:44:22.786,44.268,1165732,187,1,40.14,34.84,1.152,75.54,0.436,,,,,,,
2026-04-17 17:44:22.837,44.319,1165783,186,1,40.1,34.83,1.151,75.54,0.436,,,,,,,
2026-04-17 17:44:22.888,44.37,1165834,185,1,40.16,34.83,1.153,75.54,0.436,,,,,,,
2026-04-17 17:44:22.940,44.422,1165885,184,1,40.2,34.83,1.154,75.54,0.437,,,,,,,
2026-04-17 17:44:22.991,44.473,1165936,183,1,40.26,34.83,1.156,75.54,0.437,,,,,,,
2026-04-17 17:44:23.041,44.523,1165987,182,1,40.26,34.83,1.156,75.54,0.436,,,,,,,
2026-04-17 17:44:23.093,44.575,1166038,181,1,40.27,34.83,1.156,75.54,0.437,,,,,,,
2026-04-17 17:44:23.144,44.626,1166089,182,1,40.2,34.83,1.154,75.54,0.437,,,,,,,
2026-04-17 17:44:23.195,44.677,1166140,183,1,40.23,34.83,1.155,75.54,0.438,,,,,,,
2026-04-17 17:44:23.244,44.726,1166189,184,1,40.23,34.83,1.155,75.54,0.437,,,,,,,
2026-04-17 17:44:23.295,44.777,1166240,183,1,40.16,34.83,1.153,75.54,0.437,,,,,,,
2026-04-17 17:44:23.346,44.828,1166291,182,1,40.2,34.83,1.154,75.54,0.437,,,,,,,
2026-04-17 17:44:23.397,44.879,1166342,183,1,40.16,34.83,1.153,75.54,0.437,,,,,,,
2026-04-17 17:44:23.448,44.93,1166393,182,1,40.1,34.83,1.151,75.54,0.437,,,,,,,
2026-04-17 17:44:23.500,44.982,1166444,181,1,40.1,34.84,1.151,75.54,0.437,,,,,,,
2026-04-17 17:44:23.550,45.032,1166495,180,1,40.14,34.84,1.152,75.54,0.437,,,,,,,
2026-04-17 17:44:23.601,45.083,1166546,181,1,40.13,34.84,1.152,75.54,0.437,,,,,,,
2026-04-17 17:44:23.652,45.134,1166597,182,1,40.16,34.83,1.153,75.54,0.437,,,,,,,
2026-04-17 17:44:23.704,45.186,1166648,181,1,40.1,34.84,1.151,75.54,0.437,,,,,,,
2026-04-17 17:44:23.754,45.236,1166699,180,1,40.17,34.84,1.153,75.54,0.437,,,,,,,
2026-04-17 17:44:23.805,45.287,1166750,181,1,40.14,34.85,1.152,75.54,0.437,,,,,,,
2026-04-17 17:44:23.857,45.339,1166801,182,1,40.25,34.85,1.155,75.54,0.436,,,,,,,
2026-04-17 17:44:23.908,45.39,1166852,181,1,40.22,34.85,1.154,75.54,0.437,,,,,,,
2026-04-17 17:44:23.959,45.441,1166903,180,1,40.22,34.85,1.154,75.54,0.437,,,,,,,
2026-04-17 17:44:24.010,45.492,1166954,181,1,40.19,34.86,1.153,75.54,0.437,,,,,,,
2026-04-17 17:44:24.059,45.541,1167003,182,1,40.2,34.86,1.153,75.54,0.436,,,,,,,
2026-04-17 17:44:24.110,45.592,1167054,183,1,40.2,34.86,1.153,75.54,0.436,,,,,,,
2026-04-17 17:44:24.159,45.641,1167103,182,1,40.19,34.86,1.153,75.54,0.437,,,,,,,
2026-04-17 17:44:24.210,45.692,1167154,181,1,40.22,34.85,1.154,75.54,0.437,,,,,,,
2026-04-17 17:44:24.261,45.743,1167205,180,1,40.23,34.86,1.154,75.54,0.438,,,,,,,
2026-04-17 17:44:24.312,45.794,1167256,181,1,40.22,34.85,1.154,75.54,0.438,,,,,,,
2026-04-17 17:44:24.364,45.846,1167307,180,1,40.19,34.85,1.153,75.54,0.438,,,,,,,
2026-04-17 17:44:24.414,45.896,1167358,181,1,40.08,34.85,1.15,75.54,0.437,,,,,,,
2026-04-17 17:44:24.465,45.947,1167409,180,1,40.05,34.85,1.149,75.54,0.438,,,,,,,
2026-04-17 17:44:24.517,45.999,1167460,179,1,40.11,34.85,1.151,75.54,0.437,,,,,,,
2026-04-17 17:44:24.567,46.049,1167511,180,1,40.1,34.84,1.151,75.54,0.438,,,,,,,
2026-04-17 17:44:24.619,46.101,1167562,179,1,40.1,34.84,1.151,75.54,0.437,,,,,,,
2026-04-17 17:44:24.670,46.152,1167613,179,1,40.1,34.84,1.151,75.54,0.436,,,,,,,
2026-04-17 17:44:24.721,46.203,1167664,180,1,40.1,34.84,1.151,75.54,0.436,,,,,,,
2026-04-17 17:44:24.772,46.254,1167715,181,1,40.13,34.83,1.152,75.54,0.436,,,,,,,
2026-04-17 17:44:24.823,46.305,1167766,182,1,40.23,34.83,1.155,75.54,0.436,,,,,,,
2026-04-17 17:44:24.872,46.354,1167815,183,1,40.29,34.83,1.157,75.54,0.436,,,,,,,
2026-04-17 17:44:24.924,46.406,1167866,182,1,40.21,34.82,1.155,75.54,0.437,,,,,,,
2026-04-17 17:44:24.974,46.456,1167917,181,1,40.25,34.81,1.156,75.54,0.437,,,,,,,
2026-04-17 17:44:25.026,46.508,1167968,182,1,40.17,34.81,1.154,75.54,0.437,,,,,,,
2026-04-17 17:44:25.076,46.559,1168019,183,1,40.24,34.81,1.156,75.54,0.437,,,,,,,
2026-04-17 17:44:25.128,46.61,1168070,182,1,40.17,34.81,1.154,75.54,0.437,,,,,,,
2026-04-17 17:44:25.179,46.661,1168121,183,1,40.17,34.81,1.154,75.54,0.437,,,,,,,
2026-04-17 17:44:25.230,46.712,1168172,184,1,40.17,34.81,1.154,75.54,0.437,,,,,,,
2026-04-17 17:44:25.281,46.763,1168223,183,1,40.14,34.81,1.153,75.54,0.437,,,,,,,
2026-04-17 17:44:25.332,46.814,1168274,184,1,40.1,34.81,1.152,75.54,0.437,,,,,,,
2026-04-17 17:44:25.383,46.865,1168325,183,1,40.06,34.81,1.151,75.54,0.437,,,,,,,
2026-04-17 17:44:25.435,46.917,1168376,182,1,40.15,34.8,1.154,75.54,0.437,,,,,,,
2026-04-17 17:44:25.485,46.967,1168427,181,1,40.15,34.8,1.154,75.54,0.437,,,,,,,
2026-04-17 17:44:25.536,47.018,1168478,180,1,40.15,34.8,1.154,75.54,0.436,,,,,,,
2026-04-17 17:44:25.588,47.07,1168529,181,1,40.09,34.8,1.152,75.54,0.436,,,,,,,
2026-04-17 17:44:25.636,47.118,1168578,182,1,40.15,34.8,1.154,75.54,0.436,,,,,,,
2026-04-17 17:44:25.687,47.169,1168629,181,1,40.12,34.8,1.153,75.54,0.436,,,,,,,
2026-04-17 17:44:25.737,47.219,1168678,180,1,40.12,34.8,1.153,75.54,0.436,,,,,,,
2026-04-17 17:44:25.788,47.27,1168729,179,1,40.13,34.8,1.153,75.54,0.436,,,,,,,
2026-04-17 17:44:25.839,47.321,1168780,179,2,40.16,34.8,1.154,75.54,0.436,,,,,,,
2026-04-17 17:44:25.890,47.372,1168831,184,2,40.23,34.8,1.156,75.54,0.436,,,,,,,
2026-04-17 17:44:25.941,47.423,1168882,189,2,40.23,34.81,1.156,75.54,0.436,,,,,,,
2026-04-17 17:44:25.992,47.474,1168933,194,2,40.23,34.81,1.156,75.54,0.436,,,,,,,
2026-04-17 17:44:26.043,47.525,1168984,199,2,40.24,34.81,1.156,75.54,0.437,,,,,,,
2026-04-17 17:44:26.094,47.576,1169035,204,2,40.25,34.82,1.156,75.54,0.437,,,,,,,
2026-04-17 17:44:26.145,47.627,1169086,209,2,40.22,34.83,1.155,75.54,0.438,,,,,,,
2026-04-17 17:44:26.194,47.676,1169135,214,2,40.19,34.83,1.154,75.54,0.437,,,,,,,
2026-04-17 17:44:26.245,47.727,1169186,219,2,40.16,34.83,1.153,75.54,0.438,,,,,,,
2026-04-17 17:44:26.294,47.776,1169235,224,2,40.13,34.83,1.152,75.54,0.437,,,,,,,
2026-04-17 17:44:26.346,47.828,1169286,229,2,40.2,34.84,1.154,75.54,0.437,,,,,,,
2026-04-17 17:44:26.396,47.878,1169337,234,2,40.14,34.84,1.152,75.54,0.437,,,,,,,
2026-04-17 17:44:26.448,47.93,1169388,239,2,40.14,34.84,1.152,75.54,0.437,,,,,,,
2026-04-17 17:44:26.499,47.981,1169439,244,2,40.07,34.84,1.15,75.54,0.437,,,,,,,
2026-04-17 17:44:26.549,48.031,1169490,249,2,40.14,34.84,1.152,75.54,0.437,,,,,,,
2026-04-17 17:44:26.601,48.083,1169541,254,2,40.13,34.84,1.152,75.54,0.438,,,,,,,
2026-04-17 17:44:26.652,48.134,1169592,199,1,40.17,34.84,1.153,75.54,0.437,,,,,,,
2026-04-17 17:44:26.703,48.184,1169643,198,1,40.1,34.83,1.151,75.54,0.436,,,,,,,
2026-04-17 17:44:26.754,48.236,1169694,197,1,40.12,34.83,1.152,75.54,0.436,,,,,,,
2026-04-17 17:44:26.805,48.287,1169745,198,1,40.12,34.83,1.152,75.54,0.437,,,,,,,
2026-04-17 17:44:26.854,48.336,1169794,199,1,40.2,34.83,1.154,75.54,0.436,,,,,,,
2026-04-17 17:44:26.905,48.387,1169845,198,1,40.13,34.84,1.152,75.54,0.436,,,,,,,
2026-04-17 17:44:26.956,48.438,1169896,197,1,40.21,34.84,1.154,75.54,0.436,,,,,,,
2026-04-17 17:44:27.007,48.489,1169947,196,1,40.21,34.84,1.154,75.54,0.436,,,,,,,
2026-04-17 17:44:27.058,48.54,1169998,195,1,40.24,34.84,1.155,75.54,0.437,,,,,,,
2026-04-17 17:44:27.109,48.591,1170049,196,1,40.17,34.84,1.153,75.54,0.436,,,,,,,
2026-04-17 17:44:27.160,48.642,1170100,197,1,40.2,34.84,1.154,75.54,0.437,,,,,,,
2026-04-17 17:44:27.212,48.694,1170151,198,1,40.21,34.84,1.154,75.54,0.438,,,,,,,
2026-04-17 17:44:27.263,48.745,1170202,197,1,40.17,34.84,1.153,75.54,0.438,,,,,,,
2026-04-17 17:44:27.315,48.797,1170253,198,1,40.14,34.84,1.152,75.54,0.437,,,,,,,
2026-04-17 17:44:27.365,48.847,1170304,197,1,40.07,34.84,1.15,75.54,0.438,,,,,,,
2026-04-17 17:44:27.416,48.898,1170355,198,1,40.06,34.84,1.15,75.54,0.437,,,,,,,
2026-04-17 17:44:27.467,48.949,1170406,199,1,40.09,34.83,1.151,75.54,0.437,,,,,,,
2026-04-17 17:44:27.519,49.001,1170457,200,1,40.09,34.83,1.151,75.54,0.437,,,,,,,
2026-04-17 17:44:27.569,49.051,1170508,201,1,40.1,34.83,1.151,75.54,0.436,,,,,,,
2026-04-17 17:44:27.621,49.103,1170559,202,1,40.1,34.83,1.151,75.54,0.436,,,,,,,
2026-04-17 17:44:27.672,49.154,1170610,201,1,40.09,34.83,1.151,75.54,0.436,,,,,,,
2026-04-17 17:44:27.722,49.204,1170661,200,1,40.16,34.83,1.153,75.54,0.436,,,,,,,
2026-04-17 17:44:27.771,49.253,1170710,199,1,40.22,34.82,1.155,75.54,0.436,,,,,,,
2026-04-17 17:44:27.823,49.305,1170761,200,1,40.21,34.82,1.155,75.54,0.437,,,,,,,
2026-04-17 17:44:27.874,49.356,1170812,201,1,40.21,34.82,1.155,75.54,0.436,,,,,,,
2026-04-17 17:44:27.923,49.405,1170861,200,1,40.19,34.83,1.154,75.54,0.437,,,,,,,
2026-04-17 17:44:27.973,49.455,1170912,199,1,40.19,34.83,1.154,75.54,0.437,,,,,,,
2026-04-17 17:44:28.025,49.507,1170963,198,1,40.19,34.83,1.154,75.54,0.437,,,,,,,
2026-04-17 17:44:28.076,49.558,1171014,197,1,40.23,34.83,1.155,75.54,0.436,,,,,,,
2026-04-17 17:44:28.125,49.607,1171063,198,1,40.19,34.82,1.154,75.54,0.437,,,,,,,
2026-04-17 17:44:28.176,49.658,1171114,199,1,40.22,34.82,1.155,75.54,0.437,,,,,,,
2026-04-17 17:44:28.227,49.709,1171165,200,1,40.25,34.82,1.156,75.54,0.437,,,,,,,
2026-04-17 17:44:28.278,49.76,1171216,199,1,40.22,34.82,1.155,75.54,0.438,,,,,,,
2026-04-17 17:44:28.329,49.811,1171267,200,1,40.19,34.82,1.154,75.54,0.437,,,,,,,
2026-04-17 17:44:28.380,49.862,1171318,199,1,40.16,34.83,1.153,75.54,0.438,,,,,,,
2026-04-17 17:44:28.429,49.911,1171367,200,1,40.09,34.83,1.151,75.54,0.438,,,,,,,
2026-04-17 17:44:28.480,49.962,1171418,201,1,40.13,34.83,1.152,75.54,0.437,,,,,,,
2026-04-17 17:44:28.531,50.013,1171469,200,1,40.1,34.83,1.151,75.54,0.437,,,,,,,
2026-04-17 17:44:28.582,50.064,1171520,199,1,40.1,34.84,1.151,75.54,0.437,,,,,,,
2026-04-17 17:44:28.634,50.116,1171571,200,1,40.06,34.84,1.15,75.54,0.437,,,,,,,
2026-04-17 17:44:28.684,50.166,1171622,201,1,40.13,34.83,1.152,75.54,0.437,,,,,,,
2026-04-17 17:44:28.736,50.218,1171673,200,1,40.12,34.83,1.152,75.54,0.436,,,,,,,
2026-04-17 17:44:28.787,50.269,1171724,199,1,40.15,34.83,1.153,75.54,0.436,,,,,,,
2026-04-17 17:44:28.838,50.32,1171775,200,1,40.12,34.83,1.152,75.54,0.437,,,,,,,
2026-04-17 17:44:28.889,50.371,1171826,201,1,40.19,34.83,1.154,75.54,0.436,,,,,,,
2026-04-17 17:44:28.940,50.422,1171877,202,1,40.23,34.83,1.155,75.54,0.437,,,,,,,
2026-04-17 17:44:28.989,50.471,1171926,203,1,40.23,34.83,1.155,75.54,0.436,,,,,,,
2026-04-17 17:44:29.040,50.522,1171977,202,1,40.19,34.83,1.154,75.54,0.436,,,,,,,
2026-04-17 17:44:29.091,50.573,1172028,203,1,40.19,34.82,1.154,75.54,0.437,,,,,,,
2026-04-17 17:44:29.142,50.624,1172079,204,1,40.22,34.83,1.155,75.54,0.436,,,,,,,
2026-04-17 17:44:29.192,50.674,1172128,203,1,40.18,34.82,1.154,75.54,0.436,,,,,,,
2026-04-17 17:44:29.242,50.724,1172179,202,1,40.22,34.82,1.155,75.54,0.436,,,,,,,
2026-04-17 17:44:29.293,50.775,1172230,203,1,40.19,34.83,1.154,75.54,0.437,,,,,,,
2026-04-17 17:44:29.344,50.826,1172281,204,1,40.23,34.83,1.155,75.54,0.437,,,,,,,
2026-04-17 17:44:29.393,50.875,1172330,203,1,40.2,34.83,1.154,75.54,0.438,,,,,,,
2026-04-17 17:44:29.444,50.926,1172381,204,1,40.16,34.83,1.153,75.54,0.438,,,,,,,
2026-04-17 17:44:29.495,50.977,1172432,203,1,40.16,34.83,1.153,75.54,0.438,,,,,,,
2026-04-17 17:44:29.547,51.029,1172483,204,1,40.12,34.83,1.152,75.54,0.437,,,,,,,
2026-04-17 17:44:29.598,51.08,1172534,203,1,40.06,34.83,1.15,75.54,0.437,,,,,,,
2026-04-17 17:44:29.649,51.131,1172585,202,1,40.06,34.84,1.15,75.54,0.437,,,,,,,
2026-04-17 17:44:29.700,51.182,1172636,201,1,40.1,34.83,1.151,75.54,0.437,,,,,,,
2026-04-17 17:44:29.751,51.233,1172687,200,1,40.12,34.83,1.152,75.54,0.437,,,,,,,
2026-04-17 17:44:29.804,51.286,1172738,199,1,40.16,34.83,1.153,75.54,0.436,,,,,,,
2026-04-17 17:44:29.853,51.335,1172789,200,1,40.09,34.83,1.151,75.54,0.437,,,,,,,
2026-04-17 17:44:29.905,51.387,1172840,201,1,40.16,34.83,1.153,75.54,0.437,,,,,,,
2026-04-17 17:44:29.955,51.437,1172891,202,1,40.2,34.83,1.154,75.54,0.436,,,,,,,
2026-04-17 17:44:30.007,51.489,1172942,203,1,40.23,34.83,1.155,75.54,0.436,,,,,,,
2026-04-17 17:44:30.058,51.54,1172993,202,1,40.16,34.83,1.153,75.54,0.437,,,,,,,
2026-04-17 17:44:30.108,51.59,1173044,201,1,40.19,34.83,1.154,75.54,0.437,,,,,,,
2026-04-17 17:44:30.160,51.642,1173095,200,1,40.2,34.83,1.154,75.54,0.436,,,,,,,
2026-04-17 17:44:30.211,51.693,1173146,201,1,40.16,34.83,1.153,75.54,0.437,,,,,,,
2026-04-17 17:44:30.262,51.744,1173197,200,1,40.16,34.83,1.153,75.54,0.437,,,,,,,
2026-04-17 17:44:30.311,51.793,1173246,201,1,40.1,34.84,1.151,75.54,0.437,,,,,,,
2026-04-17 17:44:30.362,51.844,1173297,202,1,40.18,34.85,1.153,75.54,0.437,,,,,,,
2026-04-17 17:44:30.413,51.895,1173348,201,1,40.18,34.85,1.153,75.54,0.438,,,,,,,
2026-04-17 17:44:30.464,51.946,1173399,202,1,40.14,34.84,1.152,75.54,0.437,,,,,,,
2026-04-17 17:44:30.515,51.997,1173450,201,1,40.1,34.84,1.151,75.54,0.438,,,,,,,
2026-04-17 17:44:30.566,52.048,1173501,200,1,40.13,34.83,1.152,75.54,0.438,,,,,,,
2026-04-17 17:44:30.617,52.099,1173552,201,1,40.09,34.83,1.151,75.54,0.437,,,,,,,
2026-04-17 17:44:30.666,52.148,1173601,202,1,40.12,34.83,1.152,75.54,0.437,,,,,,,
2026-04-17 17:44:30.718,52.2,1173652,201,1,40.11,34.82,1.152,75.54,0.437,,,,,,,
2026-04-17 17:44:30.769,52.251,1173703,200,1,40.11,34.82,1.152,75.54,0.436,,,,,,,
2026-04-17 17:44:30.820,52.302,1173754,201,1,40.05,34.83,1.15,75.54,0.436,,,,,,,
2026-04-17 17:44:30.871,52.353,1173805,202,1,40.1,34.84,1.151,75.54,0.436,,,,,,,
2026-04-17 17:44:30.922,52.404,1173856,203,1,40.16,34.83,1.153,75.54,0.436,,,,,,,
2026-04-17 17:44:30.973,52.455,1173907,204,1,40.23,34.83,1.155,75.54,0.436,,,,,,,
2026-04-17 17:44:31.022,52.504,1173956,203,1,40.22,34.82,1.155,75.54,0.437,,,,,,,
2026-04-17 17:44:31.073,52.555,1174007,202,1,40.26,34.83,1.156,75.54,0.437,,,,,,,
2026-04-17 17:44:31.122,52.604,1174056,201,1,40.27,34.83,1.156,75.54,0.436,,,,,,,
2026-04-17 17:44:31.174,52.656,1174107,202,1,40.2,34.83,1.154,75.54,0.437,,,,,,,
2026-04-17 17:44:31.224,52.706,1174158,203,1,40.22,34.85,1.154,75.54,0.436,,,,,,,
2026-04-17 17:44:31.275,52.757,1174209,202,1,40.19,34.86,1.153,75.54,0.436,,,,,,,
2026-04-17 17:44:31.324,52.806,1174258,201,1,40.2,34.87,1.153,75.54,0.437,,,,,,,
2026-04-17 17:44:31.375,52.857,1174309,200,1,40.23,34.86,1.154,75.54,0.436,,,,,,,
2026-04-17 17:44:31.425,52.907,1174358,201,1,40.19,34.86,1.153,75.54,0.437,,,,,,,
2026-04-17 17:44:31.476,52.958,1174409,202,1,40.24,34.87,1.154,75.54,0.437,,,,,,,
2026-04-17 17:44:31.527,53.009,1174460,201,1,40.19,34.86,1.153,75.54,0.438,,,,,,,
2026-04-17 17:44:31.575,53.057,1174509,202,1,40.19,34.85,1.153,75.54,0.437,,,,,,,
2026-04-17 17:44:31.627,53.109,1174560,203,1,40.19,34.86,1.153,75.54,0.437,,,,,,,
2026-04-17 17:44:31.678,53.16,1174611,202,1,40.18,34.85,1.153,75.54,0.437,,,,,,,
2026-04-17 17:44:31.729,53.211,1174662,201,1,40.18,34.85,1.153,75.54,0.437,,,,,,,
2026-04-17 17:44:31.780,53.262,1174713,202,1,40.13,34.87,1.151,75.54,0.437,,,,,,,
2026-04-17 17:44:31.831,53.313,1174764,203,1,40.13,34.87,1.151,75.54,0.438,,,,,,,
2026-04-17 17:44:31.882,53.364,1174815,202,1,40.08,34.85,1.15,75.54,0.437,,,,,,,
2026-04-17 17:44:31.931,53.413,1174864,201,1,40.11,34.85,1.151,75.54,0.437,,,,,,,
2026-04-17 17:44:31.982,53.464,1174915,200,1,40.12,34.85,1.151,75.54,0.438,,,,,,,
2026-04-17 17:44:32.033,53.515,1174966,201,1,40.09,34.86,1.15,75.54,0.438,,,,,,,
2026-04-17 17:44:32.083,53.565,1175015,202,1,40.09,34.86,1.15,75.54,0.437,,,,,,,
2026-04-17 17:44:32.134,53.616,1175066,201,1,40.07,34.85,1.15,75.54,0.437,,,,,,,
2026-04-17 17:44:32.184,53.666,1175117,200,1,40.1,34.84,1.151,75.54,0.437,,,,,,,
2026-04-17 17:44:32.236,53.718,1175168,199,1,40.12,34.85,1.151,75.54,0.436,,,,,,,
2026-04-17 17:44:32.287,53.769,1175219,198,1,40.15,34.85,1.152,75.54,0.436,,,,,,,
2026-04-17 17:44:32.338,53.82,1175270,199,1,40.14,34.85,1.152,75.54,0.437,,,,,,,
2026-04-17 17:44:32.389,53.871,1175321,200,1,40.22,34.82,1.155,75.54,0.437,,,,,,,
2026-04-17 17:44:32.440,53.922,1175372,201,1,40.22,34.82,1.155,75.54,0.437,,,,,,,
2026-04-17 17:44:32.491,53.973,1175423,202,1,40.23,34.83,1.155,75.54,0.437,,,,,,,
2026-04-17 17:44:32.542,54.024,1175474,201,1,40.21,34.84,1.154,75.54,0.437,,,,,,,
2026-04-17 17:44:32.593,54.075,1175525,200,1,40.23,34.83,1.155,75.54,0.437,,,,,,,
2026-04-17 17:44:32.644,54.126,1175576,201,1,40.21,34.81,1.155,75.54,0.437,,,,,,,
2026-04-17 17:44:32.695,54.177,1175627,200,1,40.18,34.79,1.155,75.54,0.438,,,,,,,
2026-04-17 17:44:32.746,54.228,1175678,201,1,40.15,34.79,1.154,75.54,0.438,,,,,,,
2026-04-17 17:44:32.797,54.279,1175729,200,1,40.1,34.78,1.153,75.54,0.437,,,,,,,
2026-04-17 17:44:32.849,54.331,1175780,201,1,40.04,34.76,1.152,75.54,0.437,,,,,,,
2026-04-17 17:44:32.900,54.382,1175831,202,1,40.13,34.74,1.155,75.54,0.437,,,,,,,
2026-04-17 17:44:32.951,54.433,1175882,201,1,40.11,34.73,1.155,75.54,0.437,,,,,,,
2026-04-17 17:44:33.002,54.484,1175933,200,1,40.13,34.74,1.155,75.54,0.437,,,,,,,
2026-04-17 17:44:33.053,54.535,1175984,199,1,40.14,34.76,1.155,75.54,0.437,,,,,,,
2026-04-17 17:44:33.104,54.586,1176035,198,1,40.17,34.75,1.156,75.54,0.437,,,,,,,
2026-04-17 17:44:33.155,54.637,1176086,197,1,40.22,34.76,1.157,75.54,0.437,,,,,,,
2026-04-17 17:44:33.206,54.688,1176137,196,1,40.27,34.78,1.158,75.54,0.437,,,,,,,
2026-04-17 17:44:33.255,54.737,1176186,197,1,40.24,34.78,1.157,75.54,0.436,,,,,,,
2026-04-17 17:44:33.306,54.788,1176237,196,1,40.21,34.78,1.156,75.54,0.437,,,,,,,
2026-04-17 17:44:33.357,54.839,1176288,195,1,40.21,34.78,1.156,75.54,0.437,,,,,,,
2026-04-17 17:44:33.408,54.89,1176339,194,1,40.21,34.79,1.156,75.54,0.436,,,,,,,
2026-04-17 17:44:33.459,54.941,1176390,195,1,40.14,34.79,1.154,75.54,0.437,,,,,,,
2026-04-17 17:44:33.510,54.992,1176441,196,1,40.17,34.78,1.155,75.54,0.437,,,,,,,
2026-04-17 17:44:33.561,55.043,1176492,197,1,40.21,34.76,1.157,75.54,0.437,,,,,,,
2026-04-17 17:44:33.613,55.095,1176543,196,1,40.17,34.74,1.156,75.54,0.437,,,,,,,
2026-04-17 17:44:33.663,55.145,1176594,197,1,40.09,34.74,1.154,75.54,0.438,,,,,,,
2026-04-17 17:44:33.714,55.196,1176645,198,1,40.11,34.73,1.155,75.54,0.436,,,,,,,
2026-04-17 17:44:33.766,55.248,1176696,199,1,40.13,34.72,1.156,75.54,0.437,,,,,,,
2026-04-17 17:44:33.817,55.299,1176747,200,1,40.15,34.71,1.157,75.54,0.437,,,,,,,
2026-04-17 17:44:33.868,55.35,1176798,201,1,40.16,34.71,1.157,75.54,0.436,,,,,,,
2026-04-17 17:44:33.919,55.401,1176849,200,1,40.12,34.71,1.156,75.54,0.436,,,,,,,
2026-04-17 17:44:33.970,55.452,1176900,201,1,40.1,34.69,1.156,75.54,0.437,,,,,,,
2026-04-17 17:44:34.022,55.504,1176951,202,1,40.24,34.69,1.16,75.54,0.437,,,,,,,
2026-04-17 17:44:34.072,55.554,1177002,203,1,40.24,34.69,1.16,75.54,0.436,,,,,,,
2026-04-17 17:44:34.124,55.606,1177053,202,1,40.21,34.69,1.159,75.54,0.436,,,,,,,
2026-04-17 17:44:34.175,55.657,1177104,201,1,40.21,34.7,1.159,75.54,0.437,,,,,,,
2026-04-17 17:44:34.225,55.707,1177155,202,1,40.18,34.7,1.158,75.54,0.437,,,,,,,
2026-04-17 17:44:34.276,55.758,1177206,203,1,40.23,34.71,1.159,75.54,0.437,,,,,,,
2026-04-17 17:44:34.328,55.81,1177257,179,2,40.21,34.72,1.158,75.54,0.437,,,,,,,
2026-04-17 17:44:34.377,55.859,1177306,184,2,40.21,34.72,1.158,75.54,0.437,,,,,,,
2026-04-17 17:44:34.428,55.91,1177357,189,2,40.24,34.72,1.159,75.54,0.438,,,,,,,
2026-04-17 17:44:34.479,55.961,1177408,194,2,40.24,34.72,1.159,75.54,0.438,,,,,,,
2026-04-17 17:44:34.530,56.012,1177459,199,2,40.14,34.73,1.156,75.54,0.438,,,,,,,
2026-04-17 17:44:34.581,56.063,1177510,204,2,40.15,34.73,1.156,75.54,0.437,,,,,,,
2026-04-17 17:44:34.632,56.114,1177561,209,2,40.15,34.73,1.156,75.54,0.437,,,,,,,
2026-04-17 17:44:34.683,56.165,1177612,214,2,40.14,34.73,1.156,75.54,0.437,,,,,,,
2026-04-17 17:44:34.735,56.217,1177663,219,2,40.11,34.73,1.155,75.54,0.437,,,,,,,
2026-04-17 17:44:34.786,56.268,1177714,224,2,40.14,34.73,1.156,75.54,0.436,,,,,,,
2026-04-17 17:44:34.837,56.319,1177765,229,2,40.07,34.72,1.154,75.54,0.436,,,,,,,
2026-04-17 17:44:34.886,56.368,1177814,234,2,40.14,34.73,1.156,75.54,0.436,,,,,,,
2026-04-17 17:44:34.937,56.419,1177865,239,2,40.15,34.74,1.156,75.54,0.436,,,,,,,
2026-04-17 17:44:34.988,56.47,1177916,244,2,40.2,34.75,1.157,75.54,0.436,,,,,,,
2026-04-17 17:44:35.039,56.521,1177967,249,2,40.27,34.75,1.159,75.54,0.436,,,,,,,
2026-04-17 17:44:35.090,56.572,1178018,254,2,40.24,34.75,1.158,75.54,0.437,,,,,,,
2026-04-17 17:44:35.141,56.623,1178069,244,1,40.22,34.76,1.157,75.54,0.437,,,,,,,
2026-04-17 17:44:35.192,56.674,1178120,243,1,40.22,34.76,1.157,75.54,0.437,,,,,,,
2026-04-17 17:44:35.243,56.725,1178171,244,1,40.22,34.76,1.157,75.54,0.438,,,,,,,
2026-04-17 17:44:35.294,56.776,1178222,243,1,40.19,34.77,1.156,75.54,0.438,,,,,,,
2026-04-17 17:44:35.345,56.827,1178273,242,1,40.2,34.78,1.156,75.54,0.437,,,,,,,
2026-04-17 17:44:35.396,56.878,1178324,243,1,40.06,34.78,1.152,75.54,0.437,,,,,,,
2026-04-17 17:44:35.447,56.929,1178375,244,1,40.1,34.78,1.153,75.54,0.437,,,,,,,
2026-04-17 17:44:35.496,56.978,1178424,243,1,40.09,34.77,1.153,75.54,0.437,,,,,,,
2026-04-17 17:44:35.548,57.03,1178475,242,1,40.1,34.78,1.153,75.54,0.437,,,,,,,
2026-04-17 17:44:35.597,57.079,1178524,241,1,40.13,34.77,1.154,75.54,0.438,,,,,,,
2026-04-17 17:44:35.648,57.13,1178575,242,1,40.12,34.77,1.154,75.54,0.438,,,,,,,
2026-04-17 17:44:35.699,57.181,1178626,243,1,40.12,34.77,1.154,75.54,0.437,,,,,,,
2026-04-17 17:44:35.750,57.232,1178677,242,1,40.09,34.77,1.153,75.54,0.437,,,,,,,
